-- MySQL dump 10.13  Distrib 5.5.25, for Win32 (x86)
--
-- Host: localhost    Database: eshop
-- ------------------------------------------------------
-- Server version	5.5.25

/*!40101 SET @OLD_CHARACTER_SET_CLIENT=@@CHARACTER_SET_CLIENT */;
/*!40101 SET @OLD_CHARACTER_SET_RESULTS=@@CHARACTER_SET_RESULTS */;
/*!40101 SET @OLD_COLLATION_CONNECTION=@@COLLATION_CONNECTION */;
/*!40101 SET NAMES utf8 */;
/*!40103 SET @OLD_TIME_ZONE=@@TIME_ZONE */;
/*!40103 SET TIME_ZONE='+00:00' */;
/*!40014 SET @OLD_UNIQUE_CHECKS=@@UNIQUE_CHECKS, UNIQUE_CHECKS=0 */;
/*!40014 SET @OLD_FOREIGN_KEY_CHECKS=@@FOREIGN_KEY_CHECKS, FOREIGN_KEY_CHECKS=0 */;
/*!40101 SET @OLD_SQL_MODE=@@SQL_MODE, SQL_MODE='NO_AUTO_VALUE_ON_ZERO' */;
/*!40111 SET @OLD_SQL_NOTES=@@SQL_NOTES, SQL_NOTES=0 */;

--
-- Table structure for table `admin`
--

DROP TABLE IF EXISTS `admin`;
/*!40101 SET @saved_cs_client     = @@character_set_client */;
/*!40101 SET character_set_client = utf8 */;
CREATE TABLE `admin` (
  `uname` varchar(30) NOT NULL,
  `pwd` varchar(100) NOT NULL,
  `name` varchar(30) DEFAULT NULL,
  PRIMARY KEY (`uname`)
) ENGINE=InnoDB DEFAULT CHARSET=latin1;
/*!40101 SET character_set_client = @saved_cs_client */;

--
-- Dumping data for table `admin`
--

LOCK TABLES `admin` WRITE;
/*!40000 ALTER TABLE `admin` DISABLE KEYS */;
INSERT INTO `admin` VALUES ('arajula','335d552d2a947588f746551acaf6e9ac','Amit Rajula'),('asalvi','8cfce480456ad039e8484561eef4337c',NULL),('vmhapsekar','22b315dac57e200edb07a9ae8ced8fa3','Vinit Mhapsekar');
/*!40000 ALTER TABLE `admin` ENABLE KEYS */;
UNLOCK TABLES;

--
-- Table structure for table `brand`
--

DROP TABLE IF EXISTS `brand`;
/*!40101 SET @saved_cs_client     = @@character_set_client */;
/*!40101 SET character_set_client = utf8 */;
CREATE TABLE `brand` (
  `brandname` varchar(30) NOT NULL,
  `brandinfo` varchar(2000) DEFAULT NULL,
  `brandimg` varchar(30) DEFAULT NULL,
  PRIMARY KEY (`brandname`)
) ENGINE=InnoDB DEFAULT CHARSET=latin1;
/*!40101 SET character_set_client = @saved_cs_client */;

--
-- Dumping data for table `brand`
--

LOCK TABLES `brand` WRITE;
/*!40000 ALTER TABLE `brand` DISABLE KEYS */;
INSERT INTO `brand` VALUES ('apple','Apple Inc., formerly Apple Computer, Inc., is an American multinational corporation headquartered in Cupertino, California[2] that designs, develops, and sells consumer electronics, computer software and personal computers. Its best-known hardware products are the Mac line of computers, the iPod music player, the iPhone smartphone, and the iPad tablet computer. Its consumer software includes the OS X and iOS operating systems, the iTunes media browser, the Safari web browser, and the iLife and iWork creativity and production suites.\r\nThe company was founded on April 1, 1976, and incorporated as Apple Computer, Inc. on January 3, 1977.[6] The word \"Computer\" was removed from its name on January 9, 2007, reflecting its shifted focus towards consumer electronics after the introduction of the iPhone.','apple.jpg'),('blackberry','Research In Motion (RIM), a global leader in wireless innovation, revolutionized the mobile industry with the introduction of the BlackBerry solution in 1999. Since then, BlackBerry products and services have continued to change the way millions of people around the world stay connected.\r\n\r\nWith the launch of BlackBerry® 10, we have re-designed, re-engineered and re-invented BlackBerry.  Not only did we introduce a new mobile experience to our global community of BlackBerry users, but we are also introducing a new name for the company.\r\n\r\nResearch In Motion now operates globally under the iconic name BlackBerry.\r\n\r\nTo further signal this exciting re-branding of the Company, effective February 4, 2013, our stock ticker on the NASDAQ exchange will become BBRY and on the TSX exchange, BB.\r\n\r\nThe BlackBerry product line includes the BlackBerry® PlayBook™ tablet, award-winning BlackBerry® smartphones, software for businesses and accessories.','bb.jpg'),('htc','Founded in 1997, HTC built its reputation as the behind-the-scenes designer and manufacturer of many of the most popular OEM-branded mobile devices on the market.\r\n\r\nSince 2006, we have regularly introduced many critically-acclaimed mobile devices under our own brand, and our portfolio includes smartphones and tablets powered by the Android and Windows Phone operating systems.\r\n\r\nWe are dedicated to creating a customized user experience and believe that each mobile device needs to fit its owner, and not the other way around. What we make is not merely the product of focus group tests, but of observing and honoring how individuals choose to interact with technology.\r\n\r\nOur customers guide everything we do at HTC, and it’s this commitment that defines the company.','htc.jpg'),('micromax','Gurgaon, Haryana, India. It focuses on the manufacturing of mobile telephones, tablets, data cards and LED televisions. It has 23 domestic offices across the country and international offices in Hong Kong and Dubai.[5][6] Presently, the company has about 1900 employees.\r\nMicromax started as an IT software company in the year 2000 working on embedded platforms. In 2008, it entered mobile handset business and by 2010 it became one of the largest Indian domestic mobile handsets company by offering unique affordable innovations. The company has a 24% market share in the smartphone segment in India as per the CMR report for April 2013.','micromax.jpg'),('nokia','Over the past 150 years, Nokia has evolved from a riverside paper mill in south-western Finland to a global telecommunications leader connecting over 1.3 billion people. During that time, we’ve made rubber boots and car tyres. We’ve generated electricity. We’ve even manufactured TVs. Changing with the times, disrupting the status quo – it’s what we’ve always done. And we fully intend to keep doing it.','nokia.jpg'),('samsung','For over 70 years, Samsung has been dedicated to making a better world through diverse businesses that today span advanced technology, semiconductors, skyscraper and plant construction, petrochemicals, fashion, medicine, finance, hotels, and more. Our flagship company, Samsung Electronics, leads the global market in high-tech electronics manufacturing and digital media.\r\n\r\nThrough innovative, reliable products and services; talented people; a responsible approach to business and global citizenship; and collaboration with our partners and customers, Samsung is taking the world in imaginative new directions.','samsung.jpg'),('sony','The Sony Group is primarily focused on the Electronics (such as AV/IT products & components), Game (such as PlayStation), Entertainment (such as motion pictures and music), and Financial Services (such as insurance and banking) sectors. Not only do we represent a wide range of businesses, but we remain globally unique. Our aim is to fully leverage this uniqueness in aggressively carrying out our convergence strategy so that we can continue to emotionally touch and excite our customers.','sony.jpg');
/*!40000 ALTER TABLE `brand` ENABLE KEYS */;
UNLOCK TABLES;

--
-- Table structure for table `contact`
--

DROP TABLE IF EXISTS `contact`;
/*!40101 SET @saved_cs_client     = @@character_set_client */;
/*!40101 SET character_set_client = utf8 */;
CREATE TABLE `contact` (
  `email` varchar(50) DEFAULT NULL
) ENGINE=InnoDB DEFAULT CHARSET=latin1;
/*!40101 SET character_set_client = @saved_cs_client */;

--
-- Dumping data for table `contact`
--

LOCK TABLES `contact` WRITE;
/*!40000 ALTER TABLE `contact` DISABLE KEYS */;
INSERT INTO `contact` VALUES ('amit.rajula@gmail.com'),('amit.rajula@gmail.com');
/*!40000 ALTER TABLE `contact` ENABLE KEYS */;
UNLOCK TABLES;

--
-- Table structure for table `credits`
--

DROP TABLE IF EXISTS `credits`;
/*!40101 SET @saved_cs_client     = @@character_set_client */;
/*!40101 SET character_set_client = utf8 */;
CREATE TABLE `credits` (
  `date` varchar(500) DEFAULT NULL,
  `process` varchar(1000) DEFAULT NULL,
  `credit` varchar(50) DEFAULT NULL,
  `debit` varchar(50) DEFAULT NULL,
  `balance` varchar(50) DEFAULT NULL,
  `username` varchar(100) DEFAULT NULL
) ENGINE=InnoDB DEFAULT CHARSET=latin1;
/*!40101 SET character_set_client = @saved_cs_client */;

--
-- Dumping data for table `credits`
--

LOCK TABLES `credits` WRITE;
/*!40000 ALTER TABLE `credits` DISABLE KEYS */;
/*!40000 ALTER TABLE `credits` ENABLE KEYS */;
UNLOCK TABLES;

--
-- Table structure for table `feedback`
--

DROP TABLE IF EXISTS `feedback`;
/*!40101 SET @saved_cs_client     = @@character_set_client */;
/*!40101 SET character_set_client = utf8 */;
CREATE TABLE `feedback` (
  `username` varchar(30) DEFAULT NULL,
  `response` varchar(1000) DEFAULT NULL,
  `period` date DEFAULT NULL
) ENGINE=InnoDB DEFAULT CHARSET=latin1;
/*!40101 SET character_set_client = @saved_cs_client */;

--
-- Dumping data for table `feedback`
--

LOCK TABLES `feedback` WRITE;
/*!40000 ALTER TABLE `feedback` DISABLE KEYS */;
/*!40000 ALTER TABLE `feedback` ENABLE KEYS */;
UNLOCK TABLES;

--
-- Table structure for table `look`
--

DROP TABLE IF EXISTS `look`;
/*!40101 SET @saved_cs_client     = @@character_set_client */;
/*!40101 SET character_set_client = utf8 */;
CREATE TABLE `look` (
  `lookid` int(10) NOT NULL,
  `lookname` varchar(1000) DEFAULT NULL,
  `pid` varchar(500) DEFAULT NULL,
  PRIMARY KEY (`lookid`)
) ENGINE=InnoDB DEFAULT CHARSET=latin1;
/*!40101 SET character_set_client = @saved_cs_client */;

--
-- Dumping data for table `look`
--

LOCK TABLES `look` WRITE;
/*!40000 ALTER TABLE `look` DISABLE KEYS */;
INSERT INTO `look` VALUES (1,'Casual','1,7,16,'),(2,'Formal','5,7,8,'),(3,'look3','11,12,13,');
/*!40000 ALTER TABLE `look` ENABLE KEYS */;
UNLOCK TABLES;

--
-- Table structure for table `orders`
--

DROP TABLE IF EXISTS `orders`;
/*!40101 SET @saved_cs_client     = @@character_set_client */;
/*!40101 SET character_set_client = utf8 */;
CREATE TABLE `orders` (
  `pid` int(11) NOT NULL DEFAULT '0',
  `pname` varchar(50) DEFAULT NULL,
  `size` varchar(30) DEFAULT NULL,
  `price` int(11) DEFAULT NULL,
  `username` varchar(30) DEFAULT NULL,
  `image` varchar(30) DEFAULT NULL,
  `flag` int(11) DEFAULT NULL,
  `finalAmt` varchar(100) DEFAULT NULL,
  `DOO` varchar(100) DEFAULT NULL,
  `totalprod` varchar(100) DEFAULT NULL,
  `billaddress` varchar(500) DEFAULT NULL,
  `billemail` varchar(100) DEFAULT NULL,
  `billcontact` varchar(500) DEFAULT NULL,
  `shipaddress` varchar(500) DEFAULT NULL,
  `shipemail` varchar(100) DEFAULT NULL,
  `shipcontact` varchar(500) DEFAULT NULL,
  `shipusername` varchar(100) DEFAULT NULL,
  `paymentmode` varchar(100) DEFAULT NULL,
  `mypointsdisc` varchar(50) DEFAULT NULL,
  `discountprice` varchar(50) DEFAULT NULL,
  `orderid` varchar(500) DEFAULT NULL,
  `returnid` varchar(500) DEFAULT NULL,
  `status` varchar(800) DEFAULT NULL,
  `quantity` varchar(11) DEFAULT NULL,
  `shipping` varchar(100) DEFAULT NULL,
  `credits` varchar(100) DEFAULT NULL,
  `transaction` varchar(100) DEFAULT NULL
) ENGINE=InnoDB DEFAULT CHARSET=latin1;
/*!40101 SET character_set_client = @saved_cs_client */;

--
-- Dumping data for table `orders`
--

LOCK TABLES `orders` WRITE;
/*!40000 ALTER TABLE `orders` DISABLE KEYS */;
INSERT INTO `orders` VALUES (4014,'Sony Xperia J White','4',12850,'Amit Rajula','xperiajwhitep1.jpg',0,'12850','2013/07/30 11:45','4014,','70/Kharas Bldg.,N.M.Joshi Marg,Lower Parel,Mumbai,Maharashtra,400013','amit.rajula@gmail.com','9773436955','a,a,a,Maharashtra,400013','amit.rajula@gmail.com','9773436955','a','cod','0%','12850','49375','15781','WIll Be Delivered in 24 hours','1','Free','0','completed'),(4014,'Sony Xperia J White','4',12850,'Amit Rajula','xperiajwhitep1.jpg',0,'12850','2013/07/30 11:51','4014,','70/Kharas Bldg.,N.M.Joshi Marg,Lower Parel,Mumbai,Maharashtra,400013','amit.rajula@gmail.com','9773436955','a,a,a,Maharashtra,400013','amit.rajula@gmail.com','9773436955','a','cod','0%','12850','33101','82751','WIll Be Delivered in 24 hours','1','Free','0','pending'),(2005,'Nokia Lumia 820 Black','4.3',19999,'Amit Rajula','lumia820blackp1.jpg',0,'19999','2013/07/30 11:55','2005,','70/Kharas Bldg.,N.M.Joshi Marg,Lower Parel,Mumbai,Maharashtra,400013','amit.rajula@gmail.com','9773436955','a,a,a,Maharashtra,400013','amit.rajula@gmail.com','9730255873','a','cod','0%','19999','96879','41313','WIll Be Delivered in 24 hours','1','Free','0','completed'),(4014,'Sony Xperia J White','4',12850,'Amit Rajula','xperiajwhitep1.jpg',0,'12850','2013/07/30 12:00','4014,','70/Kharas Bldg.,N.M.Joshi Marg,Lower Parel,Mumbai,Maharashtra,400013','amit.rajula@gmail.com','9773436955','aa,Maharashtra,Mumbai,Maharashtra,400013','amit.rajula@gmail.com','9773436955','Amit B Rajula','cod','0%','12850','88016','24441','WIll Be Delivered in 24 hours','1','Free','0','completed'),(1008,'Samsung Galaxy S4 Black','5',38550,'Amit Rajula','galaxys4blackp1.jpg',0,'38550','2013/07/31 19:58','1008,','70/Kharas Bldg.,N.M.Joshi Marg,Lower Parel,Mumbai,Maharashtra,400013','amit.rajula@gmail.com','9773436955','a,a,a,Maharashtra,400013','aaa@gmail.com','3','a','cod','0%','38550','44486','39747','WIll Be Delivered in 24 hours','1','Free','0','completed'),(2005,'Nokia Lumia 820 Black','4.3',19999,'Amit Rajula','lumia820blackp1.jpg',0,'19999','2013/08/02 10:25','2005,','70/Kharas Bldg.,N.M.Joshi Marg,Lower Parel,Mumbai,Maharashtra,400013','amit.rajula@gmail.com','9773436955','a,a,a,Maharashtra,400013','amit.rajula@gmail.com','9730255873','a','cod','0%','19999','72177','74025','WIll Be Delivered in 24 hours','1','Free','0','completed'),(3010,'Micromax Canvas 4 A210 White','5',18999,'Amit Rajula','canvas4a210blackp1.jpg',0,'18999','2013/08/02 10:32','3010,','70/Kharas Bldg.,N.M.Joshi Marg,Lower Parel,Mumbai,Maharashtra,400013','amit.rajula@gmail.com','9773436955','a,a,a,Maharashtra,400013','amit.rajula@gmail.com','9730255873','a','cod','0%','18999','13699','71699','WIll Be Delivered in 24 hours','1','Free','0','completed'),(4014,'Sony Xperia J White','4',12850,'Amit Rajula','xperiajwhitep1.jpg',0,'12850','2013/08/02 10:34','4014,','70/Kharas Bldg.,N.M.Joshi Marg,Lower Parel,Mumbai,Maharashtra,400013','amit.rajula@gmail.com','9773436955','a,a,Mumbai,Maharashtra,400013','amit.rajula@gmail.com','9773436955','a','cod','0%','12850','92718','19475','WIll Be Delivered in 24 hours','1','Free','0','completed'),(4014,'Sony Xperia J White','4',12850,'Amit Rajula','xperiajwhitep1.jpg',0,'12850','2013/08/02 10:44','4014,','70/Kharas Bldg.,N.M.Joshi Marg,Lower Parel,Mumbai,Maharashtra,400013','amit.rajula@gmail.com','9773436955','aa,Maharashtra,Mumbai,Maharashtra,400013','amit.rajula@gmail.com','9773436955','Amit B Rajula','cod','0%','12850','11076','60012','WIll Be Delivered in 24 hours','1','Free','0','completed'),(1004,'Samsung Galaxy S4 White','5',38550,'Amit Rajula','galaxys4whitep1.jpg',0,'38550','2013/08/02 10:53','1004,','70/Kharas Bldg.,N.M.Joshi Marg,Lower Parel,Mumbai,Maharashtra,400013','amit.rajula@gmail.com','9773436955','aaa,Maharashtra,Mumbai,Maharashtra,400013','amit.rajula@gmail.com','9773436955','Amit B Rajula','cod','0%','38550','24232','45592','WIll Be Delivered in 24 hours','1','Free','0','completed'),(1004,'Samsung Galaxy S4 White','5',38550,'Amit Rajula','galaxys4whitep1.jpg',0,'38550','2013/08/02 18:54','1004,','a,a,a,Maharashtra,400013','amit.rajula@gmail.com','9773436955','a,a,a,Maharashtra,400013','amt.rajula@gmail.com','9773436955','aa','cod','0%','38550','32911','11327','WIll Be Delivered in 24 hours','1','Free','0','completed'),(4014,'Sony Xperia J White','4',12850,'Amit Rajula','xperiajwhitep1.jpg',0,'12850','2013/08/03 23:43','4014,','a,a,a,Maharashtra,400013','amit.rajula@gmail.com','9773436955','a,a,a,Maharashtra,400013','amit.rajula@gmail.com','9773436955','a','cod','0%','12850','82259','94446','WIll Be Delivered in 24 hours','1','Free','0','completed');
/*!40000 ALTER TABLE `orders` ENABLE KEYS */;
UNLOCK TABLES;

--
-- Table structure for table `products`
--

DROP TABLE IF EXISTS `products`;
/*!40101 SET @saved_cs_client     = @@character_set_client */;
/*!40101 SET character_set_client = utf8 */;
CREATE TABLE `products` (
  `pid` int(11) NOT NULL,
  `pname` varchar(100) DEFAULT NULL,
  `size` varchar(30) DEFAULT NULL,
  `price` int(11) DEFAULT NULL,
  `quant` int(11) DEFAULT NULL,
  `brand` varchar(30) DEFAULT NULL,
  `category` varchar(30) DEFAULT NULL,
  `color` varchar(20) DEFAULT NULL,
  `info` varchar(800) DEFAULT NULL,
  `dept` varchar(30) DEFAULT NULL,
  `img1` varchar(100) DEFAULT NULL,
  `img2` varchar(100) DEFAULT NULL,
  `img3` varchar(100) DEFAULT NULL,
  `img4` varchar(100) DEFAULT NULL,
  `img5` varchar(100) DEFAULT NULL,
  `subname` varchar(30) DEFAULT NULL,
  `discprice` int(10) DEFAULT NULL,
  `discountpercent` varchar(500) DEFAULT NULL,
  `stock` varchar(100) DEFAULT NULL,
  `delivery` varchar(500) DEFAULT NULL,
  `specification` varchar(2000) DEFAULT NULL,
  PRIMARY KEY (`pid`)
) ENGINE=InnoDB DEFAULT CHARSET=latin1;
/*!40101 SET character_set_client = @saved_cs_client */;

--
-- Dumping data for table `products`
--

LOCK TABLES `products` WRITE;
/*!40000 ALTER TABLE `products` DISABLE KEYS */;
INSERT INTO `products` VALUES (1001,'Samsung Galaxy S3 White','4.8',26950,5,'samsung','android','white','Name:Samsung Galaxy S3-Screen Size:4.8-Camera:8 MP-OS:Android v4.0.4','mobiles&tablets','galaxys3whitep1.jpg','galaxys3whitep2.jpg','galaxys3whitep3.jpg','galaxys3whitep4.jpg','galaxys3whitep5.jpg','mobiles',26950,'0%Off','In Stock','Delivery in 3-4 Business Days','DISPLAY:-Type:	Super AMOLED- Size: 4.8 Inches -Resolution:	HD, 720 x 1280 Pixels -Colors: 16 M -CAMERA :-Primary Camera: Yes, 8 Megapixel -Secondary Camera:	Yes, 1.9 Megapixel- Video Recording: Yes, 1280 x 720, 30 fps -Flash: LED -Other Camera Features: Geo tagging, Touch Focus, Face and Smile Detection, Image Stabilization, Auto Focus, Image Editor - HD Recording:	HD- DIMENSIONS:- Size:	70.6 x 136.6 x 8.6 mm -Weight:133 g -BATTERY :-Type:LiIon, 2100 mAh -Talktime:	22.5 hrs (2G), 11 hrs- (3G) Standby Time:	830 hrs (2G), 770 hrs (3G)- MEMORY AND STORAGE :-Internal:	16 GB Expandable- Memory Slot: microSD, upto 64 GB'),(1002,'Samsung Galaxy Grand Quattro White','4.7',19000,5,'samsung','android','white','Name:Samsung Galaxy Grand Quattro-Screen Size:4.7-Camera:5 MP-OS:Android v4.1.2','mobiles&tablets','galaxygrandquattrowhitep1.jpg','galaxygrandquattrowhitep2.jpg','galaxygrandquattrowhitep3.jpg','galaxygrandquattrowhitep4.jpg','galaxygrandquattrowhitep5.jpg','mobiles',16250,'14.5%Off','In Stock','Delivery in 3-4 Business Days','DISPLAY:-Type:	Super AMOLED- Size: 5.55 Inches -Resolution:	HD, 1280 x 720 Pixels -Colors: 16 M -CAMERA:- Primary Camera: Yes, 8 Megapixel- Secondary Camera:	Yes, 1.9 Megapixel -Flash:	LED- Video Recording: Yes, 1920 x 1080, 30 fps -Other Camera Features:	Auto Focus, Geotagging, Face and Smile Detection, Touch Focus, Image Stabilization, Image Editor- HD Recording: HD, Full HD- DIMENSIONS:-Size:	80.5 x 151.1 x 9.4 mm -Weight:	180 g -BATTERY Type:	LiIon, 3100 mAh- MEMORY AND STORAGE:- Internal:	16 GB Expandable- Memory Slot: microSD, upto 64 GB'),(1003,'Samsung White Galaxy Note 2 ','5.5',37000,5,'samsung','android','white','Name:Samsung Galaxy Note 2 -Screen Size:5.5-Camera:8 MP-OS:Android v4.1.1','mobiles&tablets','galaxynote2whitep1.jpg','galaxynote2whitep2.jpg','galaxynote2whitep3.jpg','galaxynote2whitep4.jpg','galaxynote2whitep5.jpg','mobiles',29600,'20%Off','In Stock','Delivery in 3-4 Business Days','DISPLAY:- Type:	Super AMOLED -Size: 5.55 Inches- Resolution:	HD, 1280 x 720 Pixels -Colors: 16 M- CAMERA:- Primary Camera: Yes, 8 Megapixel- Secondary Camera:	Yes, 1.9 Megapixel- Video Recording: Yes, 1920 x 1080, 30 fps -Flash:	LED -Other Camera Features:	Auto Focus, Geotagging, Face and Smile Detection, Touch Focus, Image Stabilization, Image Editor- HD Recording: HD, Full HD- DIMENSIONS:- Size:	80.5 x 151.1 x 9.4 mm- Weight:	180 g- BATTERY:- Type:	LiIon, 3100 mAh -MEMORY AND STORAGE:- Internal:	16 GB Expandable- Memory Slot: microSD, upto 64 GB'),(1004,'Samsung Galaxy S4 White','5',40299,5,'samsung','android','white','Name:Samsung Galaxy S4-Screen Size:5-Camera:14 MP-OS:Android v4.2.2','mobiles&tablets','galaxys4whitep1.jpg','galaxys4whitep2.jpg','galaxys4whitep3.jpg','galaxys4whitep4.jpg','galaxys4whitep5.jpg','mobiles',38550,'5%Off','In Stock','Delivery in 3-4 Business Days','DISPLAY:- Type:	Super AMOLED -Size:	5 Inches -Resolution:	Full HD, 1920 x 1080 Pixels -Color:	16 M- CAMERA :-Primary Camera:	Yes, 13 Megapixel- Secondary Camera:	Yes, 2 Megapixel- Video Recording:	Yes, 1920 x 1080, 30 fps -Flash:	LED -Other Camera Features:	Auto Focus, Flash, Zero Shutter Lag, BIS, Image Editor- HD Recording:	HD, Full HD- DIMENSIONS:- Size:	69.8x136.6x7.9 mm -Weight:	130 g -BATTERY :-Type:	2600 mAh- MEMORY AND STORAGE:- Internal:	16 GB Memory:	2 GB RAM -Expandable Memory:	microSD, upto 64 GB'),(1005,'Samsung Galaxy Grand Duos White','5',18600,5,'samsung','android','white','Name:Samsung Galaxy Grand Duos-Screen Size:5-Camera:8 MP-OS:Android v4.1.2','mobiles&tablets','galaxygrandduoswhitep1.jpg','galaxygrandduoswhitep2.jpg','galaxygrandduoswhitep3.jpg','galaxygrandduoswhitep4.jpg','galaxygrandduoswhitep5.jpg','mobiles',18600,'0%Off','In Stock','Delivery in 3-4 Business Days','DISPLAY:- Size: 5 Inches- Resolution: WVGA, 480 x 800 Pixels- Other Display Features: Multitouch- Color:	16 M -CAMERA :-Primary Camera: Yes, 8 Megapixel -Secondary Camera:	Yes, 2 Megapixel- Video Recording: Yes, 1920 x 1080, 30 fps -Flash:	LED -Zoom:	Digital Zoom 4x -Other Camera Features: Auto Focus, Geotagging, Touch Focus, Face and Smile Detection, Image Stabilization, Shot Mode (Single, Panorama, Smile Shot, HDR, Beauty, Share shot, Buddy Photo Share), Image Editor- HD Recording: HD, Full HD -DIMENSIONS:- Size: 76.8x143.5x9.6 mm -Weight:	161 g- BATTERY :-Type:	LiIon, 2100 mAh -Talk Time:	10 hrs (3G)- Standby Time:	440 hrs (3G)- MEMORY AND STORAGE :-Internal:	8 GB- Memory:	1 GB RAM- Expandable Memory: microSD, upto 64 GB'),(1006,'Samsung Mega 5.8 White ','5.8',24950,5,'samsung','android','white','Name:Samsung Galaxy Mega 5.8 -Screen Size:5.8-Camera:8 MP-OS:Android v4.2.2','mobiles&tablets','galaxymega5.8whitep1.jpg','galaxymega5.8whitep2.jpg','galaxymega5.8whitep3.jpg','galaxymega5.8whitep4.jpg','galaxymega5.8whitep5.jpg','mobiles',23550,'4%Off','In Stock','Delivery in 3-4 Business Days','DISPLAY:- Type:	TFT -Size:	5.8 Inches -Resolution: qHD, 540 x 960 Pixels- Other Display Features:	Multitouch- CAMERA:- Primary Camera: Yes, 8 Megapixel -Secondary Camera:	Yes, 1.9 Megapixel -Flash:	LED -Video Recording: Yes, 1080 x 1920, 30 fps -Other Camera Features:	Auto Focus, Geotagging, Touch Focus, Face and Smile Detection, Image Editor -HD Recording: HD, Full HD- DIMENSIONS:- Size: 82.4x162.6x9 mm- Weight:	182 g- BATTERY: -Type:	LiIon, 2600 mAh- MEMORY AND STORAGE :-Internal:	8 GB- Memory:	1.5 GB RAM -Expandable Memory: microSD, upto 64 GB'),(1007,'Samsung Mega 6.3 White','6.5',30890,5,'samsung','android','white','Name:Samsung Galaxy Mega 6.3 -Screen Size:6.3-Camera:8 MP-OS:Android v4.2.2','mobiles&tablets','galaxymega6.3whitep1.jpg','galaxymega6.3whitep2.jpg','galaxymega6.3whitep3.jpg','galaxymega6.3whitep4.jpg','galaxymega6.3whitep5.jpg','mobiles',29950,'3%Off','In Stock','Delivery in 3-4 Business Days','DISPLAY:- Type:	TFT -Size:	6.3 Inches -Resolution:	HD, 1280 x 720 Pixels -Other Display Features:	Multitouch -CAMERA:- Primary Camera: Yes, 8 Megapixel- Secondary Camera:	Yes, 1.9 Megapixel -Video Recording: Yes -Flash:	LED -Other Camera Features:	Auto Focus, Geotagging, Touch Focus, Face and Smile Detection, HDR Support, Image Editor -DIMENSIONS:- Size:	88x167.6x8 mm -Weight:	199 g -BATTERY :-Type:	LiIon, 3200 mAh- MEMORY AND STORAGE:- Memory:	1.5 GB RAM -Expandable Memory: microSD, upto 64 GB'),(1008,'Samsung Galaxy S4 Black','5',40299,5,'samsung','android','black','Name:Samsung Galaxy S4-Screen Size:5-Camera:14 MP-OS:Android v4.2.2','mobiles&tablets','galaxys4blackp1.jpg','galaxys4blackp2.jpg','galaxys4blackp3.jpg','galaxys4blackp4.jpg','galaxys4blackp5.jpg','mobiles',38550,'5%Off','In Stock','Delivery in 3-4 Business Days','DISPLAY:- Type:	Super AMOLED -Size: 5 Inches -Resolution:	Full HD, 1920 x 1080 Pixels -Color:	16 M- CAMERA :-Primary Camera: Yes, 13 Megapixel- Secondary Camera:	Yes, 2 Megapixel- Video Recording: Yes, 1920 x 1080, 30 fps -Flash:	LED -Other Camera Features:	Auto Focus, Flash, Zero Shutter Lag, BIS, Image Editor- HD Recording:	HD, Full HD- DIMENSIONS:- Size: 69.8x136.6x7.9 mm -Weight:	130 g -BATTERY :-Type:	2600 mAh- MEMORY AND STORAGE:- Internal:	16 GB Memory:	2 GB RAM -Expandable Memory: microSD, upto 64 GB'),(1009,'Samsung Galaxy Star White','3',7011,3,'samsung','android','white','Name:Samsung Galaxy Star-Screen Size:3-Camera:2 MP-OS:Android v4.1.2','mobiles&tablets','galaxystarwhitep1.jpg','galaxystarwhitep2.jpg','galaxystarwhitep3.jpg','galaxystarwhitep4.jpg','galaxystarwhitep5.jpg','mobiles',4850,'30%Off','In Stock','Delivery in 3-4 Business Days','DISPLAY:- Type:	TFT -Size:	2.9 Inches -Resolution:	QVGA, 320 x 240 Pixels -Other Display Features:	Finger Gesture Support, PinchtoZoom -CAMERA:- Primary Camera:	Yes, 2 Megapixel -Video Recording:	Yes -Other Camera Features:	Scene Mode, Shooting Mode, Effects, Brightness, Timer, White Balance, Metering, Image Editor- DIMENSIONS:- Size:	58x104.95x11.9 mm- Weight:	100.5 g -BATTERY:- Type:	1200 mAh- Talk Time:	14 hrs (2G) -Standby Time:	320 hrs (2G)- MEMORY AND STORAGE:- Internal:	4 GB -Memory:	512 MB RAM -Expandable Memory:	microSD, upto 32 GB'),(1010,'Samsung Galaxy S3 Blue','4.8',26950,4,'samsung','android','blue','Name:Samsung Galaxy S3-Screen Size:4.8-Camera:8 MP-OS:Android v4.0.4','mobiles&tablets','galaxys3bluep1.jpg','galaxys3bluep2.jpg','galaxys3bluep3.jpg','galaxys3bluep4.jpg','galaxys3bluep5.jpg','mobiles',26950,'0%Off','In Stock','Delivery in 3-4 Business Days','DISPLAY:-Type:	Super AMOLED- Size: 4.8 Inches -Resolution:	HD, 720 x 1280 Pixels -Colors: 16 M -CAMERA :-Primary Camera: Yes, 8 Megapixel -Secondary Camera:	Yes, 1.9 Megapixel- Video Recording: Yes, 1280 x 720, 30 fps -Flash: LED -Other Camera Features: Geo tagging, Touch Focus, Face and Smile Detection, Image Stabilization, Auto Focus, Image Editor - HD Recording: HD- DIMENSIONS:- Size:	70.6 x 136.6 x 8.6 mm -Weight:133 g -BATTERY :-Type:LiIon, 2100 mAh -Talktime:	22.5 hrs (2G), 11 hrs- (3G) Standby Time:	830 hrs (2G), 770 hrs (3G)- MEMORY AND STORAGE :-Internal:	16 GB Expandable- Memory Slot: microSD, upto 64 GB'),(1011,'Samsung Galaxy Note 2 Black','5.5',37000,3,'samsung','android','black','Name:Samsung Galaxy Note 2 -Screen Size:5.5-Camera:8 MP-OS:Android v4.1.1','mobiles&tablets','galaxynote2blackp1.jpg','galaxynote2blackp2.jpg','galaxynote2blackp3.jpg','galaxynote2blackp4.jpg','galaxynote2blackp5.jpg','mobiles',29600,'20%Off','In Stock','Delivery in 3-4 Business Days','DISPLAY:- Type:	Super AMOLED -Size: 5.55 Inches- Resolution:	HD, 1280 x 720 Pixels -Colors: 16 M- CAMERA:- Primary Camera: Yes, 8 Megapixel- Secondary Camera:	Yes, 1.9 Megapixel- Video Recording: Yes, 1920 x 1080, 30 fps -Flash:	LED -Other Camera Features:	Auto Focus, Geotagging, Face and Smile Detection, Touch Focus, Image Stabilization, Image Editor- HD Recording: HD, Full HD- DIMENSIONS:- Size:	80.5 x 151.1 x 9.4 mm- Weight:	180 g- BATTERY:- Type:	LiIon, 3100 mAh -MEMORY AND STORAGE:- Internal:	16 GB Expandable- Memory Slot: microSD, upto 64 GB'),(1012,'Samsung Galaxy Grand Duos Blue','5',18600,2,'samsung','android','blue','Name:Samsung Galaxy Grand Duos-Screen Size:5-Camera:8 MP-OS:Android v4.1.2','mobiles&tablets','galaxygrandduosbluep1.jpg','galaxygrandduosbluep2.jpg','galaxygrandduosbluep3.jpg','galaxygrandduosbluep4.jpg','galaxygrandduosbluep5.jpg','mobiles',18600,'0%Off','In Stock','Delivery in 3-4 Business Days','DISPLAY:- Size: 5 Inches- Resolution: WVGA, 480 x 800 Pixels- Other Display Features: Multitouch- Color:	16 M -CAMERA :-Primary Camera: Yes, 8 Megapixel -Secondary Camera:	Yes, 2 Megapixel- Video Recording: Yes, 1920 x 1080, 30 fps -Flash:	LED -Zoom:	Digital Zoom 4x -Other Camera Features: Auto Focus, Geotagging, Touch Focus, Face and Smile Detection, Image Stabilization, Shot Mode (Single, Panorama, Smile Shot, HDR, Beauty, Share shot, Buddy Photo Share), Image Editor- HD Recording: HD, Full HD -DIMENSIONS:- Size: 76.8x143.5x9.6 mm -Weight:	161 g- BATTERY :-Type:	LiIon, 2100 mAh -Talk Time:	10 hrs (3G)- Standby Time:	440 hrs (3G)- MEMORY AND STORAGE :-Internal:	8 GB- Memory:	1 GB RAM- Expandable Memory: microSD, upto 64 GB'),(1013,'Samsung Galaxy Core White','4.3',15350,2,'samsung','android','blue','Name:Samsung Galaxy Core-Screen Size:4.3-Camera:5 MP-OS:Android v4.1.2','mobiles&tablets','galaxycorewhitep1.jpg','galaxycorewhitep2.jpg','galaxycorewhitep3.jpg','galaxycorewhitep4.jpg','galaxycorewhitep5.jpg','mobiles',13010,'15%Off','In Stock','Delivery in 3-4 Business Days','GENERAL:-	2G Network:	GSM 850 / 900 / 1800 / 1900 GTI8260 - GSM : 850 / 900 / 1800 / 1900 GTI8262 (SIM 1 & SIM 2) 3G -Network: HSDPA 900 / 2100 HSDPA 900 / 2100 GTI8262 (SIM 1 & SIM 2) -SIM: Optional Dual SIM (dual standby) -Announced: 2013, May- Status: Available. Released 2013, June- BODY:- Dimensions: 129.3 x 67.6 x 9 mm (5.09 x 2.66 x 0.35 in) -Weight:	124 g (4.37 oz) -DISPLAY:- Type:	TFT capacitive touchscreen, 16M colors -Size:	480 x 800 pixels, 4.3 inches (~217 ppi pixel density)- Multitouch:	Yes -SOUND:-	Alert types:	Vibration, MP3, WAV ringtones -Loudspeaker: Yes -3.5mm jack :Yes -MEMORY:- Card slot: microSD, up to 64 GB -Internal: 8 GB, 1 GB RAM'),(1014,'Samsung Galaxy Mega 5.8 Black','5.8',25550,5,'samsung','android','black','Name:Samsung Galaxy Mega 5.8 -Screen Size:5.8-Camera:8 MP-OS:Android v4.2.2','mobiles&tablets','galaxymega5.8blackp1.jpg','galaxymega5.8blackp2.jpg','galaxymega5.8blackp3.jpg','galaxymega5.8blackp4.jpg','galaxymega5.8blackp5.jpg','mobiles',23350,'8.5%Off','In Stock','Delivery in 3-4 Business Days','DISPLAY:- Type:	TFT -Size:	5.8 Inches -Resolution: qHD, 540 x 960 Pixels- Other Display Features:	Multitouch- CAMERA:- Primary Camera: Yes, 8 Megapixel -Secondary Camera:	Yes, 1.9 Megapixel -Flash:	LED -Video Recording: Yes, 1080 x 1920, 30 fps -Other Camera Features:	Auto Focus, Geotagging, Touch Focus, Face and Smile Detection, Image Editor -HD Recording: HD, Full HD- DIMENSIONS:- Size: 82.4x162.6x9 mm- Weight:	182 g- BATTERY: -Type:	LiIon, 2600 mAh- MEMORY AND STORAGE :-Internal:	8 GB- Memory:	1.5 GB RAM -Expandable Memory: microSD, upto 64 GB'),(1015,'Samsung Galaxy Grand Quattro Blue','5',19000,5,'samsung','android','blue','Name:Samsung Galaxy Grand Quattro-Screen Size:5-Camera:5 MP-OS:Android v4.1.2','mobiles&tablets','galaxygrandquattroblackp1.jpg','galaxygrandquattroblackp2.jpg','galaxygrandquattroblackp3.jpg','galaxygrandquattroblackp4.jpg','galaxygrandquattroblackp5.jpg','mobiles',16250,'14.5%Off','In Stock','Delivery in 3-4 Business Days','DISPLAY:-Type:	Super AMOLED- Size: 5.55 Inches -Resolution:	HD, 1280 x 720 Pixels -Colors: 16 M -CAMERA:- Primary Camera: Yes, 8 Megapixel- Secondary Camera:	Yes, 1.9 Megapixel -Flash:	LED- Video Recording: Yes, 1920 x 1080, 30 fps -Other Camera Features:	Auto Focus, Geotagging, Face and Smile Detection, Touch Focus, Image Stabilization, Image Editor- HD Recording: HD, Full HD- DIMENSIONS:-Size:	80.5 x 151.1 x 9.4 mm -Weight:	180 g -BATTERY Type:	LiIon, 3100 mAh- MEMORY AND STORAGE:- Internal:	16 GB Expandable- Memory Slot: microSD, upto 64 GB'),(1016,'Samsung Galaxy Mega 6.3 Black','6.3',30890,2,'samsung','android','black','Name:Samsung Galaxy Mega 6.3 -Screen Size:6.3-Camera:8 MP-OS:Android v4.2.2','mobiles&tablets','galaxymega6.3blackp1.jpg','galaxymega6.3blackp2.jpg','galaxymega6.3blackp3.jpg','galaxymega6.3blackp4.jpg','galaxymega6.3blackp5.jpg','mobiles',29950,'3%Off','In Stock','Delivery in 3-4 Business Days','DISPLAY:- Type:	TFT -Size:	6.3 Inches -Resolution:	HD, 1280 x 720 Pixels -Other Display Features:	Multitouch -CAMERA:- Primary Camera: Yes, 8 Megapixel- Secondary Camera:	Yes, 1.9 Megapixel -Video Recording: Yes -Flash:	LED -Other Camera Features:	Auto Focus, Geotagging, Touch Focus, Face and Smile Detection, HDR Support, Image Editor -DIMENSIONS:- Size:	88x167.6x8 mm -Weight:	199 g -BATTERY :-Type:	LiIon, 3200 mAh- MEMORY AND STORAGE:- Memory:	1.5 GB RAM -Expandable Memory: microSD, upto 64 GB'),(1017,'Samsung Galaxy Core Blue','4.3',15350,2,'samsung','android','blue','Name:Samsung Galaxy Core-Screen Size:4.3-Camera:5 MP-OS:Android v4.1.2','mobiles&tablets','galaxycorebluep1.jpg','galaxycorebluep2.jpg','galaxycorebluep3.jpg','galaxycorebluep4.jpg','galaxycorebluep5.jpg','mobiles',14650,'5%Off','In Stock','Delivery in 3-4 Business Days','GENERAL:-	2G Network:	GSM 850 / 900 / 1800 / 1900 GTI8260 - GSM : 850 / 900 / 1800 / 1900 GTI8262 (SIM 1 & SIM 2) 3G -Network: HSDPA 900 / 2100 HSDPA 900 / 2100 GTI8262 (SIM 1 & SIM 2) -SIM: Optional Dual SIM (dual standby) -Announced: 2013, May- Status: Available. Released 2013, June- BODY:- Dimensions: 129.3 x 67.6 x 9 mm (5.09 x 2.66 x 0.35 in) -Weight:	124 g (4.37 oz) -DISPLAY:- Type:	TFT capacitive touchscreen, 16M colors -Size:	480 x 800 pixels, 4.3 inches (~217 ppi pixel density)- Multitouch:	Yes -SOUND:-	Alert types:	Vibration, MP3, WAV ringtones -Loudspeaker: Yes -3.5mm jack :Yes -MEMORY:- Card slot: microSD, up to 64 GB -Internal: 8 GB, 1 GB RAM'),(1018,'Samsung Galaxy Star Blue','3',7011,5,'samsung','android','blue','Name:Samsung Galaxy Star-Screen Size:3-Camera:2 MP-OS:Android v4.1.2','mobiles&tablets','galaxystarbluep1.jpg','galaxystarbluep2.jpg','galaxystarbluep3.jpg','galaxystarbluep4.jpg','galaxystarbluep5.jpg','mobiles',4850,'30%Off','In Stock','Delivery in 3-4 Business Days','DISPLAY:- Type:	TFT -Size:	2.9 Inches -Resolution: QVGA, 320 x 240 Pixels -Other Display Features:	Finger Gesture Support, PinchtoZoom -CAMERA:- Primary Camera: Yes, 2 Megapixel -Video Recording:	Yes -Other Camera Features:	Scene Mode, Shooting Mode, Effects, Brightness, Timer, White Balance, Metering, Image Editor- DIMENSIONS:- Size: 58x104.95x11.9 mm- Weight: 100.5 g -BATTERY:- Type:	1200 mAh- Talk Time:	14 hrs (2G) -Standby Time:	320 hrs (2G)- MEMORY AND STORAGE:- Internal:	4 GB -Memory:	512 MB RAM -Expandable Memory: microSD, upto 32 GB'),(1019,'Samsung Galaxy S Dous White ','4',9999,1,'samsung','android','white','Name:Samsung Galaxy S Duos-Screen Size:4-Camera:5 MP-OS:Android v4.0','mobiles&tablets','galaxysduoswhitep1.jpg','galaxysduoswhitep2.jpg','galaxysduoswhitep3.jpg','galaxysduoswhitep4.jpg','galaxysduoswhitep5.jpg','mobiles',9400,'5%Off','In Stock','Delivery in 3-4 Business Days','DISPLAY:- Type:	TFT Size:	4 Inches- Resolution:	WVGA, 480 x 800 Pixels- Colors:	16 M- CAMERA:- Primary Camera:	Yes, 5 Megapixel- Secondary Camera:	Yes, 0.3 Megapixel- Zoom:	Digital Zoom 2x- Flash:	LED- Video Recording:	Yes, 640 x 480, 30 fps- Other Camera Features:	Auto Focus, Geotagging, Multishot Mode, Panorama, White Balance, Photo Effects- DIMENSIONS:- Size:	63.1 x 121.5 x 10.5 mm- Weight:	120 g- BATTERY:- Type:	Li-Ion, 1500 mAh- Talktime:	12 hrs (2G), 8 hrs (3G)- Standby Time:	570 hrs (2G), 470 hrs (3G)- MEMORY AND STORAGE:- Internal:	4 GB- Expandable Memory Slot:	microSD, upto 32 GB'),(1020,'Samsung Galaxy S Duos Black','4',9999,1,'samsung','android','black','Name:Samsung Galaxy S Dous-Screen Size:4.8-Camera:5 MP-OS:Android v4.0','mobiles&tablets','galaxysduosblackp1.jpg','galaxysduosblackp2.jpg','galaxysduosblackp3.jpg','galaxysduosblackp4.jpg','galaxysduosblackp5.jpg','mobiles',9400,'5%Off','In Stock','Delivery in 3-4 Business Days','DISPLAY:- Type:	TFT Size:	4 Inches- Resolution:	WVGA, 480 x 800 Pixels- Colors:	16 M- CAMERA:- Primary Camera:	Yes, 5 Megapixel- Secondary Camera:	Yes, 0.3 Megapixel- Zoom:	Digital Zoom 2x- Flash:	LED- Video Recording:	Yes, 640 x 480, 30 fps- Other Camera Features:	Auto Focus, Geotagging, Multishot Mode, Panorama, White Balance, Photo Effects- DIMENSIONS:- Size:	63.1 x 121.5 x 10.5 mm- Weight:	120 g- BATTERY:- Type:	Li-Ion, 1500 mAh- Talktime:	12 hrs (2G), 8 hrs (3G)- Standby Time:	570 hrs (2G), 470 hrs (3G)- MEMORY AND STORAGE:- Internal:	4 GB- Expandable Memory Slot:	microSD, upto 32 GB'),(2001,'Nokia Lumia 520 Black','4',10499,5,'nokia','windows','black','Name:Nokia Lumia 520-Screen Size:4-Camera:5 MP-OS:Windows Phone 8','mobiles&tablets','lumia520blackp1.jpg','lumia520blackp2.jpg','lumia520blackp3.jpg','lumia520blackp4.jpg','lumia520blackp5.jpg','mobiles',9410,'10%Off','In Stock','Delivery in 3-4 Business Days','DISPLAY:- Size: 4 Inches -Resolution: WVGA, 800 x 480 Pixels- Other Display Features:	IPS Display, Orientation Sensor- Color: 16 M -CAMERA:- Primary Camera: Yes, 5 Megapixel- Zoom:	Digital Zoom 4x -Video Recording:	Yes, 720 x 1280, 30 fps -Other Camera Features: Cinemagraph, Smart Shoot, Panorama, Auto Focus, Touch Focus, Landscape Orientation, Auto and Manual Exposure, Auto and Manual White Balance, Active Toolbar, Full Screen View Finder, Geotagging, Automatic Photo Upload to Web Services, Digital Camera Addons Cinemagraph Lens, Bing Vision, Smart Shoot Lens, Panorama Lens, Capture Modes, Scene Modes, White Balance Modes, Light Sensitivity, Image Editor- HD Recording: HD- DIMENSIONS:- Size: 64x119.9x9.9 mm- Weight:	124 g -BATTERY:- Type:	1430 mAh -Talk Time:	14 hrs (2G), 9 hrs (3G)- Standby Time: 360 hrs (3G)- MEMORY AND STORAGE :-Internal:	Mass Memory: 8 GB -Memory:	512 MB RAM -Expandable Memory: microSD, upto 64 GB'),(2002,'Nokia Lumia 510 Black','4',9500,5,'nokia','windows','black','Name:Nokia Lumia 510-Screen Size:4-Camera:5 MP-OS:Windows Phone 7.8','mobiles&tablets','lumia510blackp1.jpg','lumia510blackp2.jpg','lumia510blackp3.jpg','lumia510blackp4.jpg','lumia510blackp5.jpg','mobiles',6950,'26%Off','In Stock','Delivery in 3-4 Business Days','DISPLAY:- Type:	TFT -Size:	4 Inches- Resolution:	WVGA, 800 x 480 Pixels- CAMERA:- Primary Camera:	Yes, 5 Megapixel- Video Recording:	Yes, 640 x 480, 30 fps- Zoom:	Digital Zoom  4x -Other Camera Features:	Touch Focus, Auto and Manual Exposure, Geotagging, Auto and Manual White Balance, Face Recognition, Full Screen View Finder, Center Weighted Auto Exposure, Image Editor- DIMENSIONS:- Size:	64.9x120.7x11.5 mm- Weight:	129 g- BATTERY:- Type:	1300 mAh -Talk Time:	6 hrs (2G), 8 hrs (3G) -Standby Time:	738 hrs (2G), 653 hrs (3G)- MEMORY AND STORAGE :-Internal:	4 GB -Memory:	256 MB RAM'),(2003,'Nokia Lumia 620 Black','3.8',15999,5,'nokia','windows','black','Name:Nokia Lumia 620-Screen Size:3.8-Camera:5 MP-OS:Windows Phone 8','mobiles&tablets','lumia620blackp1.jpg','lumia620blackp2.jpg','lumia620blackp3.jpg','lumia620blackp4.jpg','lumia620blackp5.jpg','mobiles',13350,'16%Off','In Stock','Delivery in 3-4 Business Days','DISPLAY:- Type:	LCD -Size:	3.81 Inches -Resolution:	WVGA, 480 x 800 Pixels- Other Display Features:	Color Boosting, Multipoint Touch, Polarization Filter- Color:	16 M -CAMERA:- Primary Camera:	Yes, 5 Megapixel -Secondary Camera:	Yes -Video Recording:	Yes, 720 x 1280, 30 fps -Flash:	LED -Zoom:	Digital Zoom 4x -Other Camera Features:	Touch Focus, Auto and Manual White Balance, Geotagging, Image Editor -HD Recording:	HD- DIMENSIONS:- Size:	61.1x115.4x11 mm -Weight:	127 g -BATTERY:- Type:	1300 mAh -Talk Time:	14 hrs (2G), 9 hrs (3G) -Standby Time:	330 hrs (3G)- MEMORY AND STORAGE :-Internal Memory: 512 MB - Mass Memory: 8 GB- Expandable Memory:	microSD, upto 64 GB'),(2004,'Nokia Lumia 720 Black','4.3',18600,5,'nokia','windows','black','Name:Nokia Lumia 720-Screen Size:4.3-Camera:6.1 MP-OS:Windows Phone 8','mobiles&tablets','lumia720blackp1.jpg','lumia720blackp2.jpg','lumia720blackp3.jpg','lumia720blackp4.jpg','lumia720blackp5.jpg','mobiles',17010,'8.5%Off','In Stock','Delivery in 3-4 Business Days','DISPLAY:- Size:	4.29 Inches -Resolution:	WVGA, 800 x 480 Pixels -Other Display Features:	IPS, Corning Gorilla Glass 2, Sculpted Glass, ClearBlack- Color:	16 M -CAMERA :-Primary Camera:	Yes, 6.7 Megapixel -Secondary Camera:	Yes, 1.3 Megapixel -Video Recording:	Yes, 720 x 1280, 30 fps- Flash:	LED -Zoom:	Digital Zoom  4x -Other Camera Features:	Auto Focus, Touch Focus, Auto and Manual White Balance, Multiscene Mode, Geotagging, Carl Zeiss Tessar Lens, Image Editor -HD Recording:	HD -DIMENSIONS:- Size:	67.5x127.9x9 mm -Weight:	128 g -BATTERY:- Type:	2000 mAh -Talk Time:	23 hrs (2G), 13 hrs (3G) -Standby Time:	520 hrs (3G)- MEMORY AND STORAGE :-Internal Mass Memory: 8 GB -Memory:	512 MB RAM -Expandable Memory:	microSD, upto 64 GB'),(2005,'Nokia Lumia 820 Black','4.3',26499,5,'nokia','windows','black','Name:Nokia Lumia 820-Screen Size:4.3-Camera:8 MP-OS:Windows Phone 8','mobiles&tablets','lumia820blackp1.jpg','lumia820blackp2.jpg','lumia820blackp3.jpg','lumia820blackp4.jpg','lumia820blackp5.jpg','mobiles',19999,'24.5%Off','In Stock','Delivery in 3-4 Business Days','DISPLAY:- Type:	AMOLED -Size:	4.3 Inches -Resolution:	WVGA, 480 x 800 Pixels -Other Display Features:	Brightness Control, Color Boosting, Light Timeout, RGB Stripe, Carl Zeiss Lens, Multipointtouch Screen, Polarization Filter, High Brightness Mode, Sunlight Readability Enhancements -CAMERA:- Primary Camera:	Yes, 8 Megapixel -Secondary Camera:	Yes -Video Recording:	Yes, 1920 x 1080, 30 fps -Flash:	Dual LED- Zoom:	Digital Zoom 4x -Other Camera Features:	Auto Focus, Touch Focus, Geotagging, Auto and Manual White Balance, Lenses Applications, True 16:9 Sensor, Carl Zeiss Tessar Lens, Image Editor- HD Recording:	HD, Full HD -DIMENSIONS:- Size:	68.5x123.8x9.9 mm -Weight:	160 g -BATTERY Type:	LiIon, 1650 mAh -Talk Time:	15.4 hrs (2G), 8.1 hrs (3G) -Standby Time:	360 hrs (2G), 360 hrs (3G) -MEMORY AND STORAGE :-Internal Memory: 1000 MB - Mass Memory: 8 GB- Memory:	1 GB RAM -Expandable Memory:	microSD, upto 64 GB'),(2006,'Nokia Asha 501 Black','3',5200,5,'nokia','asha software platform 1.0','black','Name:Nokia Asha 501-Screen Size:3-camera:3.15 MP-OS:Asha  Software Platform 1.0','mobiles&tablets','lumia501blackp1.jpg','lumia501blackp2.jpg','lumia501blackp3.jpg','lumia501blackp4.jpg','lumia501blackp5.jpg','mobiles',4950,'4%Off','In Stock','Delivery in 3-4 Business Days','DISPLAY:- Type:	LCD -Size:	3 Inches- Resolution:	QVGA, 320 x 240 Pixels -Other Display Features:	Twopoint Touch, Brightness Control, Nokia Glance Screen, Screen Double Tap, RGB Stripe- Color:	262 K -CAMERA:- Primary Camera:	Yes, 3.2 Megapixel -Video Recording:	Yes, 320 x 240, 15 fps- Zoom:	Digital Zoom 3x -Other Camera Features:	Auto and Manual White Balance, Full Screen Viewfinder, Fixed Focus, Selftimer, Colour Tone Mode, Automatic Light Sensitivity, Image Editor- DIMENSIONS:- Size:	58x99.2x12.1 mm -Weight:	91 g- BATTERY:- Type:	1200 mAh -Talk Time:	17 hrs (2G)- Standby Time:	624 hrs (2G)- MEMORY AND STORAGE -Internal:	64 MB -Expandable Memory:	microSD, upto 32 GB'),(2007,'Nokia lumia 510 Blue ','4',9500,3,'nokia','windows','blue','Name:Nokia Lumia 510-Screen Size:4-Camera:5 MP-OS:Windows Phone 7.8','mobiles&tablets','lumia510bluep1.jpg','lumia510bluep2.jpg','lumia510bluep3.jpg','lumia510bluep4.jpg','lumia510bluep5.jpg','mobiles',6950,'26%Off','In Stock','Delivery in 3-4 Business Days','DISPLAY:- Type:	TFT -Size:	4 Inches- Resolution: WVGA, 800 x 480 Pixels- CAMERA:- Primary Camera: Yes, 5 Megapixel- Video Recording: Yes, 640 x 480, 30 fps- Zoom: Digital Zoom 4x -Other Camera Features:	Touch Focus, Auto and Manual Exposure, Geotagging, Auto and Manual White Balance, Face Recognition, Full Screen View Finder, Center Weighted Auto Exposure, Image Editor- DIMENSIONS:- Size: 64.9x120.7x11.5 mm- Weight:	129 g- BATTERY:- Type:	1300 mAh -Talk Time:	6 hrs (2G), 8 hrs (3G) -Standby Time: 738 hrs (2G), 653 hrs (3G)- MEMORY AND STORAGE :-Internal:	4 GB -Memory:	256 MB RAM'),(2008,'Nokia Lumia 820 Blue','4.3',26499,3,'nokia','windows','blue','Name:Nokia Lumia 820-Screen Size:4.3-Camera:8 MP-OS:Windows Phone 8','mobiles&tablets','lumia820bluep1.jpg','lumia820bluep2.jpg','lumia820bluep3.jpg','lumia820bluep4.jpg','lumia820bluep5.jpg','mobiles',19999,'24.5%Off','In Stock','Delivery in 3-4 Business Days','DISPLAY:- Type: AMOLED -Size: 4.3 Inches -Resolution: WVGA, 480 x 800 Pixels -Other Display Features: Brightness Control, Color Boosting, Light Timeout, RGB Stripe, Carl Zeiss Lens, Multipointtouch Screen, Polarization Filter, High Brightness Mode, Sunlight Readability Enhancements -CAMERA:- Primary Camera: Yes, 8 Megapixel -Secondary Camera:	Yes -Video Recording: Yes, 1920 x 1080, 30 fps -Flash:	Dual LED- Zoom: Digital Zoom 4x -Other Camera Features:	Auto Focus, Touch Focus, Geotagging, Auto and Manual White Balance, Lenses Applications, True 16:9 Sensor, Carl Zeiss Tessar Lens, Image Editor- HD Recording:	HD, Full HD -DIMENSIONS:- Size: 68.5x123.8x9.9 mm -Weight:	160 g -BATTERY Type:	LiIon, 1650 mAh -Talk Time:	15.4 hrs (2G), 8.1 hrs (3G) -Standby Time:	360 hrs (2G), 360 hrs (3G) -MEMORY AND STORAGE :-Internal Memory: 1000 MB - Mass Memory: 8 GB- Memory:	1 GB RAM -Expandable Memory: microSD, upto 64 GB'),(2009,'Nokia Lumia 520 Blue','4',10499,5,'nokia','windows','blue','Name:Nokia Lumia-Screen Size:4-Camera:5 MP-OS:Windows Phone 8','mobiles&tablets','lumia520bluep1.jpg','lumia520bluep2.jpg','lumia520bluep3.jpg','lumia520bluep4.jpg','lumia520bluep5.jpg','mobiles',9410,'10%Off','In Stock','Delivery in 3-4 Business Days','DISPLAY:- Size: 4 Inches -Resolution: WVGA, 800 x 480 Pixels- Other Display Features:	IPS Display, Orientation Sensor- Color: 16 M -CAMERA:- Primary Camera: Yes, 5 Megapixel- Zoom:	Digital Zoom 4x -Video Recording:	Yes, 720 x 1280, 30 fps -Other Camera Features: Cinemagraph, Smart Shoot, Panorama, Auto Focus, Touch Focus, Landscape Orientation, Auto and Manual Exposure, Auto and Manual White Balance, Active Toolbar, Full Screen View Finder, Geotagging, Automatic Photo Upload to Web Services, Digital Camera Addons Cinemagraph Lens, Bing Vision, Smart Shoot Lens, Panorama Lens, Capture Modes, Scene Modes, White Balance Modes, Light Sensitivity, Image Editor- HD Recording: HD- DIMENSIONS:- Size: 64x119.9x9.9 mm- Weight:	124 g -BATTERY:- Type:	1430 mAh -Talk Time:	14 hrs (2G), 9 hrs (3G)- Standby Time: 360 hrs (3G)- MEMORY AND STORAGE :-Internal:	Mass Memory: 8 GB -Memory:	512 MB RAM -Expandable Memory: microSD, upto 64 GB'),(2010,'Nokia Lumia 510 White','4',9500,3,'nokia','windows','white','Name:Nokia Lumia 510-Screen Size:4-Camera:5 MP-OS:Windows Phone 7.8','mobiles&tablets','lumia510whitep1.jpg','lumia510whitep2.jpg','lumia510whitep3.jpg','lumia510whitep4.jpg','lumia510whitep5.jpg','mobiles',6950,'26%Off','In Stock','Delivery in 3-4 Business Days','DISPLAY:- Type:	TFT -Size:	4 Inches- Resolution: WVGA, 800 x 480 Pixels- CAMERA:- Primary Camera: Yes, 5 Megapixel- Video Recording: Yes, 640 x 480, 30 fps- Zoom: Digital Zoom 4x -Other Camera Features:	Touch Focus, Auto and Manual Exposure, Geotagging, Auto and Manual White Balance, Face Recognition, Full Screen View Finder, Center Weighted Auto Exposure, Image Editor- DIMENSIONS:- Size: 64.9x120.7x11.5 mm- Weight:	129 g- BATTERY:- Type:	1300 mAh -Talk Time:	6 hrs (2G), 8 hrs (3G) -Standby Time: 738 hrs (2G), 653 hrs (3G)- MEMORY AND STORAGE :-Internal:	4 GB -Memory:	256 MB RAM'),(2011,'Nokia Lumia 620 Red','3.8',15999,3,'nokia','windows','red','Name:Nokia Lumia 620-Screen Size:3.8-Camera:5 MP-OS:Windows Phone 8','mobiles&tablets','lumia620redp1.jpg','lumia620redp2.jpg','lumia620redp3.jpg','lumia620redp4.jpg','lumia620redp5.jpg','mobiles',13350,'16%Off','In Stock','Delivery in 3-4 Business Days','DISPLAY:- Type:	LCD -Size:	3.81 Inches -Resolution: WVGA, 480 x 800 Pixels- Other Display Features:	Color Boosting, Multipoint Touch, Polarization Filter- Color:	16 M -CAMERA:- Primary Camera: Yes, 5 Megapixel -Secondary Camera:	Yes -Video Recording: Yes, 720 x 1280, 30 fps -Flash: LED -Zoom: Digital Zoom 4x -Other Camera Features:	Touch Focus, Auto and Manual White Balance, Geotagging, Image Editor -HD Recording: HD- DIMENSIONS:- Size: 61.1x115.4x11 mm -Weight:	127 g -BATTERY:- Type:	1300 mAh -Talk Time:	14 hrs (2G), 9 hrs (3G) -Standby Time: 330 hrs (3G)- MEMORY AND STORAGE :-Internal Memory: 512 MB - Mass Memory: 8 GB- Expandable Memory: microSD, upto 64 GB'),(2012,'Nokia Lumia 720 White','4.3',18600,3,'nokia','windows','white','Name:Nokia Lumia 720-Screen Size:4.3-Camera:6.1 MP-OS:Windows Phone 8','mobiles&tablets','lumia720whitep1.jpg','lumia720whitep2.jpg','lumia720whitep3.jpg','lumia720whitep4.jpg','lumia720whitep5.jpg','mobiles',17010,'8.5%Off','In Stock','Delivery in 3-4 Business Days','DISPLAY:- Size: 4.29 Inches -Resolution: WVGA, 800 x 480 Pixels -Other Display Features:	IPS, Corning Gorilla Glass 2, Sculpted Glass, ClearBlack- Color:	16 M -CAMERA :-Primary Camera: Yes, 6.7 Megapixel -Secondary Camera:	Yes, 1.3 Megapixel -Video Recording: Yes, 720 x 1280, 30 fps- Flash: LED -Zoom: Digital Zoom 4x -Other Camera Features:	Auto Focus, Touch Focus, Auto and Manual White Balance, Multiscene Mode, Geotagging, Carl Zeiss Tessar Lens, Image Editor -HD Recording:	HD -DIMENSIONS:- Size: 67.5x127.9x9 mm -Weight:	128 g -BATTERY:- Type:	2000 mAh -Talk Time:	23 hrs (2G), 13 hrs (3G) -Standby Time:	520 hrs (3G)- MEMORY AND STORAGE :-Internal Mass Memory: 8 GB -Memory:	512 MB RAM -Expandable Memory: microSD, upto 64 GB'),(2013,'Nokia Lumia 520 Yellow','4',10499,3,'nokia','windows','yellow','Name:Nokia Lumia-Screen Size:4-Camera:5 MP-OS:Windows Phone 8','mobiles&tablets','lumia520yellowp1.jpg','lumia520yellowp2.jpg','lumia520yellowp3.jpg','lumia520yellowp4.jpg','lumia520yellowp5.jpg','mobiles',9410,'10%Off','In Stock','Delivery in 3-4 Business Days','DISPLAY:- Size: 4 Inches -Resolution: WVGA, 800 x 480 Pixels- Other Display Features:	IPS Display, Orientation Sensor- Color: 16 M -CAMERA:- Primary Camera: Yes, 5 Megapixel- Zoom:	Digital Zoom 4x -Video Recording:	Yes, 720 x 1280, 30 fps -Other Camera Features: Cinemagraph, Smart Shoot, Panorama, Auto Focus, Touch Focus, Landscape Orientation, Auto and Manual Exposure, Auto and Manual White Balance, Active Toolbar, Full Screen View Finder, Geotagging, Automatic Photo Upload to Web Services, Digital Camera Addons Cinemagraph Lens, Bing Vision, Smart Shoot Lens, Panorama Lens, Capture Modes, Scene Modes, White Balance Modes, Light Sensitivity, Image Editor- HD Recording: HD- DIMENSIONS:- Size: 64x119.9x9.9 mm- Weight:	124 g -BATTERY:- Type:	1430 mAh -Talk Time:	14 hrs (2G), 9 hrs (3G)- Standby Time: 360 hrs (3G)- MEMORY AND STORAGE :-Internal:	Mass Memory: 8 GB -Memory:	512 MB RAM -Expandable Memory: microSD, upto 64 GB'),(2014,'Nokia Lumia 820 White','4.3',26499,3,'nokia','windows','white','Name:Nokia Lumia 820-Screen Size:4.3-Camera:8 MP-OS:Windows Phone 8','mobiles&tablets','lumia820whitep1.jpg','lumia820whitep2.jpg','lumia820whitep3.jpg','lumia820whitep4.jpg','lumia820whitep5.jpg','mobiles',19999,'24.5%Off','In Stock','Delivery in 3-4 Business Days','DISPLAY:- Type: AMOLED -Size: 4.3 Inches -Resolution: WVGA, 480 x 800 Pixels -Other Display Features: Brightness Control, Color Boosting, Light Timeout, RGB Stripe, Carl Zeiss Lens, Multipointtouch Screen, Polarization Filter, High Brightness Mode, Sunlight Readability Enhancements -CAMERA:- Primary Camera: Yes, 8 Megapixel -Secondary Camera:	Yes -Video Recording: Yes, 1920 x 1080, 30 fps -Flash:	Dual LED- Zoom: Digital Zoom 4x -Other Camera Features:	Auto Focus, Touch Focus, Geotagging, Auto and Manual White Balance, Lenses Applications, True 16:9 Sensor, Carl Zeiss Tessar Lens, Image Editor- HD Recording:	HD, Full HD -DIMENSIONS:- Size: 68.5x123.8x9.9 mm -Weight:	160 g -BATTERY Type:	LiIon, 1650 mAh -Talk Time:	15.4 hrs (2G), 8.1 hrs (3G) -Standby Time:	360 hrs (2G), 360 hrs (3G) -MEMORY AND STORAGE :-Internal Memory: 1000 MB - Mass Memory: 8 GB- Memory:	1 GB RAM -Expandable Memory: microSD, upto 64 GB'),(2015,'Nokia Lumia 720 Yellow','4.3',18600,3,'nokia','windows','yellow','Name:Nokia Lumia 720-Screen Size:4.3-Camera:6.1 MP-OS:Windows Phone 8','mobiles&tablets','lumia720yellowp1.jpg','lumia720yellowp2.jpg','lumia720yellowp3.jpg','lumia720yellowp4.jpg','lumia720yellowp5.jpg','mobiles',17010,'8.5%Off','In Stock','Delivery in 3-4 Business Days','DISPLAY:- Size: 4.29 Inches -Resolution: WVGA, 800 x 480 Pixels -Other Display Features:	IPS, Corning Gorilla Glass 2, Sculpted Glass, ClearBlack- Color:	16 M -CAMERA :-Primary Camera: Yes, 6.7 Megapixel -Secondary Camera:	Yes, 1.3 Megapixel -Video Recording: Yes, 720 x 1280, 30 fps- Flash: LED -Zoom: Digital Zoom 4x -Other Camera Features:	Auto Focus, Touch Focus, Auto and Manual White Balance, Multiscene Mode, Geotagging, Carl Zeiss Tessar Lens, Image Editor -HD Recording:	HD -DIMENSIONS:- Size: 67.5x127.9x9 mm -Weight:	128 g -BATTERY:- Type:	2000 mAh -Talk Time:	23 hrs (2G), 13 hrs (3G) -Standby Time:	520 hrs (3G)- MEMORY AND STORAGE :-Internal Mass Memory: 8 GB -Memory:	512 MB RAM -Expandable Memory: microSD, upto 64 GB'),(2016,'Nokia Lumia 510 Red','4',9500,5,'nokia','windows','red','Name:Nokia Lumia 510-Screen Size:4-Camera:5 MP-OS:Windows Phone 7.8','mobiles&tablets','lumia510redp1.jpg','lumia510redp2.jpg','lumia510redp3.jpg','lumia510redp4.jpg','lumia510redp5.jpg','mobiles',6950,'26%Off','In Stock','Delivery in 3-4 Business Days','DISPLAY:- Type:	TFT -Size:	4 Inches- Resolution: WVGA, 800 x 480 Pixels- CAMERA:- Primary Camera: Yes, 5 Megapixel- Video Recording: Yes, 640 x 480, 30 fps- Zoom: Digital Zoom 4x -Other Camera Features:	Touch Focus, Auto and Manual Exposure, Geotagging, Auto and Manual White Balance, Face Recognition, Full Screen View Finder, Center Weighted Auto Exposure, Image Editor- DIMENSIONS:- Size: 64.9x120.7x11.5 mm- Weight:	129 g- BATTERY:- Type:	1300 mAh -Talk Time:	6 hrs (2G), 8 hrs (3G) -Standby Time: 738 hrs (2G), 653 hrs (3G)- MEMORY AND STORAGE :-Internal:	4 GB -Memory:	256 MB RAM'),(2017,'Nokia Lumia 620 White','3.8',15999,1,'nokia','windows','white','Name:Nokia Lumia 620-Screen Size:3.8-Camera:5 MP-OS:Windows Phone 8','mobiles&tablets','lumia620whitep1.jpg','lumia620whitep2.jpg','lumia620whitep3.jpg','lumia620whitep4.jpg','lumia620whitep5.jpg','mobiles',13350,'16%Off','In Stock','Delivery in 3-4 Business Days','DISPLAY:- Type:	LCD -Size:	3.81 Inches -Resolution: WVGA, 480 x 800 Pixels- Other Display Features:	Color Boosting, Multipoint Touch, Polarization Filter- Color:	16 M -CAMERA:- Primary Camera: Yes, 5 Megapixel -Secondary Camera:	Yes -Video Recording: Yes, 720 x 1280, 30 fps -Flash: LED -Zoom: Digital Zoom 4x -Other Camera Features:	Touch Focus, Auto and Manual White Balance, Geotagging, Image Editor -HD Recording: HD- DIMENSIONS:- Size: 61.1x115.4x11 mm -Weight:	127 g -BATTERY:- Type:	1300 mAh -Talk Time:	14 hrs (2G), 9 hrs (3G) -Standby Time: 330 hrs (3G)- MEMORY AND STORAGE :-Internal Memory: 512 MB - Mass Memory: 8 GB- Expandable Memory: microSD, upto 64 GB'),(2018,'Nokia Lumia 510 Green','4',9500,3,'nokia','windows','green','Name:Nokia Lumia 510-Screen Size:4-Camera:5 MP-OS:Windows Phone 7.8','mobiles&tablets','lumia510greenp1.jpg','lumia510greenp2.jpg','lumia510greenp3.jpg','lumia510greenp4.jpg','lumia510greenp5.jpg','mobiles',6950,'26%Off','In Stock','Delivery in 3-4 Business Days','DISPLAY:- Type:	TFT -Size:	4 Inches- Resolution: WVGA, 800 x 480 Pixels- CAMERA:- Primary Camera: Yes, 5 Megapixel- Video Recording: Yes, 640 x 480, 30 fps- Zoom: Digital Zoom 4x -Other Camera Features:	Touch Focus, Auto and Manual Exposure, Geotagging, Auto and Manual White Balance, Face Recognition, Full Screen View Finder, Center Weighted Auto Exposure, Image Editor- DIMENSIONS:- Size: 64.9x120.7x11.5 mm- Weight:	129 g- BATTERY:- Type:	1300 mAh -Talk Time:	6 hrs (2G), 8 hrs (3G) -Standby Time: 738 hrs (2G), 653 hrs (3G)- MEMORY AND STORAGE :-Internal:	4 GB -Memory:	256 MB RAM'),(2019,'Nokia Lumia 720 Blue','4.3',18600,3,'nokia','windows','blue','Name:Nokia Lumia 720-Screen Size:4.3-Camera:6.1 MP-OS:Windows Phone 8','mobiles&tablets','lumia720bluep1.jpg','lumia720bluep2.jpg','lumia720bluep3.jpg','lumia720bluep4.jpg','lumia720bluep5.jpg','mobiles',17010,'8.5%Off','In Stock','Delivery in 3-4 Business Days','DISPLAY:- Size: 4.29 Inches -Resolution: WVGA, 800 x 480 Pixels -Other Display Features:	IPS, Corning Gorilla Glass 2, Sculpted Glass, ClearBlack- Color:	16 M -CAMERA :-Primary Camera: Yes, 6.7 Megapixel -Secondary Camera:	Yes, 1.3 Megapixel -Video Recording: Yes, 720 x 1280, 30 fps- Flash: LED -Zoom: Digital Zoom 4x -Other Camera Features:	Auto Focus, Touch Focus, Auto and Manual White Balance, Multiscene Mode, Geotagging, Carl Zeiss Tessar Lens, Image Editor -HD Recording:	HD -DIMENSIONS:- Size: 67.5x127.9x9 mm -Weight:	128 g -BATTERY:- Type:	2000 mAh -Talk Time:	23 hrs (2G), 13 hrs (3G) -Standby Time:	520 hrs (3G)- MEMORY AND STORAGE :-Internal Mass Memory: 8 GB -Memory:	512 MB RAM -Expandable Memory: microSD, upto 64 GB'),(2020,'Nokia Lumia 520 White','4',10999,3,'nokia','windows','white','Name:Nokia Lumia 520-Screen Size:4-Camera:5 MP-OS:Windows Phone 8','mobiles&tablets','lumia520whitep1.jpg','lumia520whitep2.jpg','lumia520whitep3.jpg','lumia520whitep4.jpg','lumia520whitep5.jpg','mobiles',9410,'10%Off','In Stock','Delivery in 3-4 Business Days','DISPLAY:- Size: 4 Inches -Resolution: WVGA, 800 x 480 Pixels- Other Display Features:	IPS Display, Orientation Sensor- Color: 16 M -CAMERA:- Primary Camera: Yes, 5 Megapixel- Zoom:	Digital Zoom 4x -Video Recording:	Yes, 720 x 1280, 30 fps -Other Camera Features: Cinemagraph, Smart Shoot, Panorama, Auto Focus, Touch Focus, Landscape Orientation, Auto and Manual Exposure, Auto and Manual White Balance, Active Toolbar, Full Screen View Finder, Geotagging, Automatic Photo Upload to Web Services, Digital Camera Addons Cinemagraph Lens, Bing Vision, Smart Shoot Lens, Panorama Lens, Capture Modes, Scene Modes, White Balance Modes, Light Sensitivity, Image Editor- HD Recording: HD- DIMENSIONS:- Size: 64x119.9x9.9 mm- Weight:	124 g -BATTERY:- Type:	1430 mAh -Talk Time:	14 hrs (2G), 9 hrs (3G)- Standby Time: 360 hrs (3G)- MEMORY AND STORAGE :-Internal:	Mass Memory: 8 GB -Memory:	512 MB RAM -Expandable Memory: microSD, upto 64 GB'),(2021,'Nokia Lumia 820 Red','4.3',26499,3,'nokia','windows','red','Name:Nokia Lumia 820-Screen Size:4.3-Camera:8 MP-OS:Windows Phone 8','mobiles&tablets','lumia820redp1.jpg','lumia820redp2.jpg','lumia820redp3.jpg','lumia820redp4.jpg','lumia820redp5.jpg','mobiles',19999,'24.5%Off','In Stock','Delivery in 3-4 Business Days','DISPLAY:- Type: AMOLED -Size: 4.3 Inches -Resolution: WVGA, 480 x 800 Pixels -Other Display Features: Brightness Control, Color Boosting, Light Timeout, RGB Stripe, Carl Zeiss Lens, Multipointtouch Screen, Polarization Filter, High Brightness Mode, Sunlight Readability Enhancements -CAMERA:- Primary Camera: Yes, 8 Megapixel -Secondary Camera:	Yes -Video Recording: Yes, 1920 x 1080, 30 fps -Flash:	Dual LED- Zoom: Digital Zoom 4x -Other Camera Features:	Auto Focus, Touch Focus, Geotagging, Auto and Manual White Balance, Lenses Applications, True 16:9 Sensor, Carl Zeiss Tessar Lens, Image Editor- HD Recording:	HD, Full HD -DIMENSIONS:- Size: 68.5x123.8x9.9 mm -Weight:	160 g -BATTERY Type:	LiIon, 1650 mAh -Talk Time:	15.4 hrs (2G), 8.1 hrs (3G) -Standby Time:	360 hrs (2G), 360 hrs (3G) -MEMORY AND STORAGE :-Internal Memory: 1000 MB - Mass Memory: 8 GB- Memory:	1 GB RAM -Expandable Memory: microSD, upto 64 GB'),(2022,'Nokia Lumia 620 Green','3.8',15999,3,'nokia','windows','green','Name:Nokia Lumia 620-Screen Size:3.8-Camera:5 MP-OS:Windows Phone 8','mobiles&tablets','lumia620greenp1.jpg','lumia620greenp2.jpg','lumia620greenp3.jpg','lumia620greenp4.jpg','lumia620greenp5.jpg','mobiles',13350,'16%Off','In Stock','Delivery in 3-4 Business Days','DISPLAY:- Type:	LCD -Size:	3.81 Inches -Resolution: WVGA, 480 x 800 Pixels- Other Display Features:	Color Boosting, Multipoint Touch, Polarization Filter- Color:	16 M -CAMERA:- Primary Camera: Yes, 5 Megapixel -Secondary Camera:	Yes -Video Recording: Yes, 720 x 1280, 30 fps -Flash: LED -Zoom: Digital Zoom 4x -Other Camera Features:	Touch Focus, Auto and Manual White Balance, Geotagging, Image Editor -HD Recording: HD- DIMENSIONS:- Size: 61.1x115.4x11 mm -Weight:	127 g -BATTERY:- Type:	1300 mAh -Talk Time:	14 hrs (2G), 9 hrs (3G) -Standby Time: 330 hrs (3G)- MEMORY AND STORAGE :-Internal Memory: 512 MB - Mass Memory: 8 GB- Expandable Memory: microSD, upto 64 GB'),(2023,'Nokia Lumia 520 Red','4',10999,3,'nokia','windows','red','Name:Nokia Lumia 520-Screen Size:4-Camera:5 MP-OS:Windows Phone 8','mobiles&tablets','lumia520redp1.jpg','lumia520redp2.jpg','lumia520redp3.jpg','lumia520redp4.jpg','lumia520redp5.jpg','mobiles',940,'10%Off','In Stock','Delivery in 3-4 Business Days','DISPLAY:- Size: 4 Inches -Resolution: WVGA, 800 x 480 Pixels- Other Display Features:	IPS Display, Orientation Sensor- Color: 16 M -CAMERA:- Primary Camera: Yes, 5 Megapixel- Zoom:	Digital Zoom 4x -Video Recording:	Yes, 720 x 1280, 30 fps -Other Camera Features: Cinemagraph, Smart Shoot, Panorama, Auto Focus, Touch Focus, Landscape Orientation, Auto and Manual Exposure, Auto and Manual White Balance, Active Toolbar, Full Screen View Finder, Geotagging, Automatic Photo Upload to Web Services, Digital Camera Addons Cinemagraph Lens, Bing Vision, Smart Shoot Lens, Panorama Lens, Capture Modes, Scene Modes, White Balance Modes, Light Sensitivity, Image Editor- HD Recording: HD- DIMENSIONS:- Size: 64x119.9x9.9 mm- Weight:	124 g -BATTERY:- Type:	1430 mAh -Talk Time:	14 hrs (2G), 9 hrs (3G)- Standby Time: 360 hrs (3G)- MEMORY AND STORAGE :-Internal:	Mass Memory: 8 GB -Memory:	512 MB RAM -Expandable Memory: microSD, upto 64 GB'),(2024,'Nokia Lumia 620 Blue','3.8',15999,3,'nokia','windows','blue','Name:Nokia Lumia 620-Screen Size:3.8-Camera:5 MP-OS:Windows Phone 8','mobiles&tablets','lumia620bluep1.jpg','lumia620bluep2.jpg','lumia620bluep3.jpg','lumia620bluep4.jpg','lumia620bluep5.jpg','mobiles',13350,'16%Off','In Stock','Delivery in 3-4 Business Days','DISPLAY:- Type:	LCD -Size:	3.81 Inches -Resolution: WVGA, 480 x 800 Pixels- Other Display Features:	Color Boosting, Multipoint Touch, Polarization Filter- Color:	16 M -CAMERA:- Primary Camera: Yes, 5 Megapixel -Secondary Camera:	Yes -Video Recording: Yes, 720 x 1280, 30 fps -Flash: LED -Zoom: Digital Zoom 4x -Other Camera Features:	Touch Focus, Auto and Manual White Balance, Geotagging, Image Editor -HD Recording: HD- DIMENSIONS:- Size: 61.1x115.4x11 mm -Weight:	127 g -BATTERY:- Type:	1300 mAh -Talk Time:	14 hrs (2G), 9 hrs (3G) -Standby Time: 330 hrs (3G)- MEMORY AND STORAGE :-Internal Memory: 512 MB - Mass Memory: 8 GB- Expandable Memory: microSD, upto 64 GB'),(2025,'Nokia Lumia 720 Red','4.3',18600,3,'nokia','windows','red','Name:Nokia Lumia 720-Screen Size:4.3-Camera:6.1 MP-OS:Windows Phone 8','mobiles&tablets','lumia720redp1.jpg','lumia720redp2.jpg','lumia720redp3.jpg','lumia720redp4.jpg','lumia720redp5.jpg','mobiles',17010,'8.5%Off','In Stock','Delivery in 3-4 Business Days','DISPLAY:- Size: 4.29 Inches -Resolution: WVGA, 800 x 480 Pixels -Other Display Features:	IPS, Corning Gorilla Glass 2, Sculpted Glass, ClearBlack- Color:	16 M -CAMERA :-Primary Camera: Yes, 6.7 Megapixel -Secondary Camera:	Yes, 1.3 Megapixel -Video Recording: Yes, 720 x 1280, 30 fps- Flash: LED -Zoom: Digital Zoom 4x -Other Camera Features:	Auto Focus, Touch Focus, Auto and Manual White Balance, Multiscene Mode, Geotagging, Carl Zeiss Tessar Lens, Image Editor -HD Recording:	HD -DIMENSIONS:- Size: 67.5x127.9x9 mm -Weight:	128 g -BATTERY:- Type:	2000 mAh -Talk Time:	23 hrs (2G), 13 hrs (3G) -Standby Time:	520 hrs (3G)- MEMORY AND STORAGE :-Internal Mass Memory: 8 GB -Memory:	512 MB RAM -Expandable Memory: microSD, upto 64 GB'),(2026,'Nokia Lumia 510 Yellow','4',9500,3,'nokia','windows','yellow','Name:Nokia Lumia 510-Screen Size:4-Camera:5 MP-OS:Windows Phone 7.8','mobiles&tablets','lumia510yellowp1.jpg','lumia510yellowp2.jpg','lumia510yellowp3.jpg','lumia510yellowp4.jpg','lumia510yellowp5.jpg','mobiles',6950,'26%Off','In Stock','Delivery in 3-4 Business Days','DISPLAY:- Type:	TFT -Size:	4 Inches- Resolution: WVGA, 800 x 480 Pixels- CAMERA:- Primary Camera: Yes, 5 Megapixel- Video Recording: Yes, 640 x 480, 30 fps- Zoom: Digital Zoom 4x -Other Camera Features:	Touch Focus, Auto and Manual Exposure, Geotagging, Auto and Manual White Balance, Face Recognition, Full Screen View Finder, Center Weighted Auto Exposure, Image Editor- DIMENSIONS:- Size: 64.9x120.7x11.5 mm- Weight:	129 g- BATTERY:- Type:	1300 mAh -Talk Time:	6 hrs (2G), 8 hrs (3G) -Standby Time: 738 hrs (2G), 653 hrs (3G)- MEMORY AND STORAGE :-Internal:	4 GB -Memory:	256 MB RAM'),(2027,'Nokia Lumia 820 Yellow','4.3',26499,5,'nokia','windows','yellow','Name:Nokia Lumia 820-Screen Size:4.3-Camera:8 MP-OS:Windows Phone 8','mobiles&tablets','lumia820yellowp1.jpg','lumia820yellowp2.jpg','lumia820yellowp3.jpg','lumia820yellowp4.jpg','lumia820yellowp5.jpg','mobiles',19999,'24.5%Off','In Stock','Delivery in 3-4 Business Days','DISPLAY:- Type: AMOLED -Size: 4.3 Inches -Resolution: WVGA, 480 x 800 Pixels -Other Display Features: Brightness Control, Color Boosting, Light Timeout, RGB Stripe, Carl Zeiss Lens, Multipointtouch Screen, Polarization Filter, High Brightness Mode, Sunlight Readability Enhancements -CAMERA:- Primary Camera: Yes, 8 Megapixel -Secondary Camera:	Yes -Video Recording: Yes, 1920 x 1080, 30 fps -Flash:	Dual LED- Zoom: Digital Zoom 4x -Other Camera Features:	Auto Focus, Touch Focus, Geotagging, Auto and Manual White Balance, Lenses Applications, True 16:9 Sensor, Carl Zeiss Tessar Lens, Image Editor- HD Recording:	HD, Full HD -DIMENSIONS:- Size: 68.5x123.8x9.9 mm -Weight:	160 g -BATTERY Type:	LiIon, 1650 mAh -Talk Time:	15.4 hrs (2G), 8.1 hrs (3G) -Standby Time:	360 hrs (2G), 360 hrs (3G) -MEMORY AND STORAGE :-Internal Memory: 1000 MB - Mass Memory: 8 GB- Memory:	1 GB RAM -Expandable Memory: microSD, upto 64 GB'),(2028,'Nokia Lumia 620 Yellow','3.8',15999,3,'nokia','windows','yellow','Name:Nokia Lumia 620-Screen Size:3.8-Camera:5 MP-OS:Windows Phone 8','mobiles&tablets','lumia620yellowp1.jpg','lumia620yellowp2.jpg','lumia620yellowp3.jpg','lumia620yellowp4.jpg','lumia620yellowp5.jpg','mobiles',13350,'16%Off','In Stock','Delivery in 3-4 Business Days','DISPLAY:- Type:	LCD -Size:	3.81 Inches -Resolution: WVGA, 480 x 800 Pixels- Other Display Features:	Color Boosting, Multipoint Touch, Polarization Filter- Color:	16 M -CAMERA:- Primary Camera: Yes, 5 Megapixel -Secondary Camera:	Yes -Video Recording: Yes, 720 x 1280, 30 fps -Flash: LED -Zoom: Digital Zoom 4x -Other Camera Features:	Touch Focus, Auto and Manual White Balance, Geotagging, Image Editor -HD Recording: HD- DIMENSIONS:- Size: 61.1x115.4x11 mm -Weight:	127 g -BATTERY:- Type:	1300 mAh -Talk Time:	14 hrs (2G), 9 hrs (3G) -Standby Time: 330 hrs (3G)- MEMORY AND STORAGE :-Internal Memory: 512 MB - Mass Memory: 8 GB- Expandable Memory: microSD, upto 64 GB'),(3001,'Micromax Canvas 2 Plus A110 Black','5',12100,3,'micromax','android','black','Name:Micromax Canvas 2 Plus A110-Screen Size:5-Camera:8 MP-OS:ANdroid v4.2','mobiles&tablets','canvas2plusa110qblackp1.jpg','canvas2plusa110qblackp2.jpg','canvas2plusa110qblackp3.jpg','canvas2plusa110qblackp4.jpg','canvas2plusa110qblackp5.jpg','mobiles',10600,'12%Off','In Stock','Delivery in 3-4 Business Days','DISPLAY:- Size:	5 Inches- Resolution:	FWVGA, 480 x 854 Pixels- Other Display Features:	PinchtoZoom, IPS Display Color:	262 K -CAMERA:- Primary Camera:	Yes, 8 Megapixel -Secondary Camera:	Yes, 2 Megapixel -Video Recording:	Yes, 720 x 1280 -Flash:	Dual LED- Other Camera Features:	Auto Focus -HD Recording:	HD -BATTERY:- Type:	2000 mAh -Talk Time:	6 hrs (2G) -Standby Time:	280 hrs (2G)- MEMORY AND STORAGE :-Internal:	Apps: 1.4 GB- Mass Storage: 1 GB -Memory:	1 GB RAM, 4 GB ROM -Expandable Memory:	microSD, upto 32 GB'),(3002,'Micromax Canvas HD A116 Black','5',14349,3,'micromax','android','black','Name:Micromax Canvas HD A116-Screen Size:5-Camera:8 MP-OS:ANdroid v4.1.2','mobiles&tablets','canvashdblackp1.jpg','canvashdblackp2.jpg','canvashdblackp3.jpg','canvashdblackp4.jpg','canvashdblackp5.jpg','mobiles',13750,'4%Off','In Stock','Delivery in 3-4 Business Days','DISPLAY:- Type:	LCD -Size:	5 Inches -Resolution:	HD, 1280 x 720 Pixels -Other Display Features: PinchtoZoom, IPS Display -Color:	16 M -CAMERA :-Primary Camera:	Yes, 8 Megapixel -Secondary Camera:	Yes, 2 Megapixel -Video Recording:	Yes, 720 x 1280, 30 fps -Flash:	LED -Other Camera Features:	Auto Focus, Night Mode, Creative and Shoot Stopmotion, Burst Mode, Zoom 4x, White Balance, Color Effect, Scene Mode -HD Recording:	HD -BATTERY:- Type:	2000 mAh- Talk Time:	5 hrs (2G) -Standby Time:	174 hrs (2G) -MEMORY AND STORAGE :-Internal:	1.77 GB- Memory:	1 GB RAM, 4 GB ROM -Expandable Memory: microSD, upto 32 GB'),(3003,'Micromax  Canvas Viva A72 Black','5',6600,3,'micromax','android','black','Name:Micromax Canvas Viva A72-Screen Size:5-Camera:3 MP-OS:ANdroid v2.3.6','mobiles&tablets','canvasvivaa72blackp1.jpg','canvasvivaa72blackp2.jpg','canvasvivaa72blackp3.jpg','canvasvivaa72blackp4.jpg','canvasvivaa72blackp5.jpg','mobiles',6350,'3%Off','In Stock','Delivery in 3-4 Business Days','DISPLAY:- Size:	5 Inches -Resolution: WVGA, 480 x 800 Pixels -Other Display Features: PinchtoZoom, Multitouchscreen -CAMERA :-Primary Camera: Yes, 3 Megapixel -Secondary Camera:	Yes, 0.3 Megapixel -Video Recording: Yes -Other Camera Features:	Zoom Level 4x, Multishot Mode, Night mode- DIMENSIONS:- Size: 76x142.8x10.6 mm -Weight: 186 g -BATTERY:- Type:	LiIon, 2000 mAh -Talk Time:	7 hrs (2G) -Standby Time: 280 hrs (2G)- MEMORY AND STORAGE:- Internal:	110 MB -Memory:	256 MB RAM, 512 MB ROM- Expandable Memory: microSD, upto 32 GB'),(3004,'Micromax Canvas 2 Plus A110 White','5',12100,5,'micromax','android','white','Name:Micromax Canvas 2 Plus A110-Screen Size:5-Camera:8 MP-OS:ANdroid v4.2','mobiles&tablets','canvas2plusa110qwhitep1.jpg','canvas2plusa110qwhitep2.jpg','canvas2plusa110qwhitep3.jpg','canvas2plusa110qwhitep4.jpg','canvas2plusa110qwhitep5.jpg','mobiles',10600,'12%Off','In Stock','Delivery in 3-4 Business Days','DISPLAY:- Size:	5 Inches- Resolution: FWVGA, 480 x 854 Pixels- Other Display Features: PinchtoZoom, IPS Display Color:	262 K -CAMERA:- Primary Camera:	Yes, 8 Megapixel -Secondary Camera:	Yes, 2 Megapixel -Video Recording:	Yes, 720 x 1280 -Flash:	Dual LED- Other Camera Features:	Auto Focus -HD Recording:	HD -BATTERY:- Type:	2000 mAh -Talk Time:	6 hrs (2G) -Standby Time:	280 hrs (2G)- MEMORY AND STORAGE :-Internal:	Apps: 1.4 GB- Mass Storage: 1 GB -Memory:	1 GB RAM, 4 GB ROM -Expandable Memory: microSD, upto 32 GB'),(3005,'Micromax Canvas 2 A110 Black','5',10500,5,'micromax','android','black','Name:Micromax Canvas 2 A110-Screen Size:5-Camera:8 MP-OS:ANdroid v4.2','mobiles&tablets','canvas2a110blackp1.jpg','canvas2a110blackp2.jpg','canvas2a110blackp3.jpg','canvas2a110blackp4.jpg','canvas2a110blackp5.jpg','mobiles',10150,'3%Off','In Stock','Delivery in 3-4 Business Days','DISPLAY:- Size:	5 Inches -Resolution:	FWVGA, 480 x 854 -Pixels -Colors:	16 M -CAMERA :-Primary Camera:	Yes, 5 Megapixel -Secondary Camera:	Yes, 0.3 Megapixel -Video Recording:	Yes- Other Camera Features:	Flash Light, Day Light, Tungsten, Cloudy, Incandescent, Night Vision, ISP Setting, Brightness, Zoom Level 4x- DIMENSIONS:- Size:	72.6 x 142.2 x 11.9 mm -Weight:	168 g -BATTERY:- Type:	LiIon, 2000 mAh -Talktime:	5 hrs (2G) -Standby Time:	180 hrs (2G) -MEMORY AND STORAGE :-Internal:	2 GB (1.3 GB User Memory) -Expandable Memory Slot:	microSD, upto 32 GB -Memory:	512 MB RAM'),(3006,'Micromax Canvas HD A116 White','5',14349,5,'micromax','android','white','Name:Micromax Canvas HD A116-Screen Size:5-Camera:8 MP-OS:ANdroid v4.1.2','mobiles&tablets','canvashdwhitep1.jpg','canvashdwhitep2.jpg','canvashdwhitep3.jpg','canvashdwhitep4.jpg','canvashdwhitep5.jpg','mobiles',13750,'4%Off','In Stock','Delivery in 3-4 Business Days','DISPLAY:- Type:	LCD -Size:	5 Inches -Resolution:	HD, 1280 x 720 Pixels -Other Display Features: PinchtoZoom, IPS Display -Color:	16 M -CAMERA :-Primary Camera:	Yes, 8 Megapixel -Secondary Camera:	Yes, 2 Megapixel -Video Recording:	Yes, 720 x 1280, 30 fps -Flash:	LED -Other Camera Features:	Auto Focus, Night Mode, Creative and Shoot Stopmotion, Burst Mode, Zoom 4x, White Balance, Color Effect, Scene Mode -HD Recording:	HD -BATTERY:- Type:	2000 mAh- Talk Time:	5 hrs (2G) -Standby Time:	174 hrs (2G) -MEMORY AND STORAGE :-Internal:	1.77 GB- Memory:	1 GB RAM, 4 GB ROM -Expandable Memory: microSD, upto 32 GB'),(3007,'Micromax Canvas Viva A72 Blue','5',6600,5,'micromax','android','white','Name:Micromax Canvas Viva A72-Screen Size:5-Camera:3 MP-OS:ANdroid v2.3.6','mobiles&tablets','canvasvivaa72bluep1.jpg','canvasvivaa72bluep2.jpg','canvasvivaa72bluep3.jpg','canvasvivaa72bluep4.jpg','canvasvivaa72bluep5.jpg','mobiles',6350,'3%Off','In Stock','Delivery in 3-4 Business Days','DISPLAY:- Size:	5 Inches -Resolution: WVGA, 480 x 800 Pixels -Other Display Features: PinchtoZoom, Multitouchscreen -CAMERA :-Primary Camera: Yes, 3 Megapixel -Secondary Camera:	Yes, 0.3 Megapixel -Video Recording: Yes -Other Camera Features:	Zoom Level 4x, Multishot Mode, Night mode- DIMENSIONS:- Size: 76x142.8x10.6 mm -Weight: 186 g -BATTERY:- Type:	LiIon, 2000 mAh -Talk Time:	7 hrs (2G) -Standby Time: 280 hrs (2G)- MEMORY AND STORAGE:- Internal:	110 MB -Memory:	256 MB RAM, 512 MB ROM- Expandable Memory: microSD, upto 32 GB'),(3008,'Micromax Canvas 2 A110 White','5',10500,3,'micromax','android','white','Name:Micromax Canvas 2 A110-Screen Size:5-Camera:8 MP-OS:ANdroid v4.2','mobiles&tablets','canvas2a110whitep1.jpg','canvas2a110whitep2.jpg','canvas2a110whitep3.jpg','canvas2a110whitep4.jpg','canvas2a110whitep5.jpg','mobiles',10150,'3%Off','In Stock','Delivery in 3-4 Business Days','DISPLAY:- Size:	5 Inches -Resolution: FWVGA, 480 x 854 -Pixels -Colors:	16 M -CAMERA :-Primary Camera: Yes, 5 Megapixel -Secondary Camera:	Yes, 0.3 Megapixel -Video Recording: Yes- Other Camera Features:	Flash Light, Day Light, Tungsten, Cloudy, Incandescent, Night Vision, ISP Setting, Brightness, Zoom Level 4x- DIMENSIONS:- Size:	72.6 x 142.2 x 11.9 mm -Weight:	168 g -BATTERY:- Type:	LiIon, 2000 mAh -Talktime:	5 hrs (2G) -Standby Time:	180 hrs (2G) -MEMORY AND STORAGE :-Internal:	2 GB (1.3 GB User Memory) -Expandable Memory Slot: microSD, upto 32 GB -Memory:	512 MB RAM'),(3009,'Micromax Canvas 4 A210 Black','5',19999,2,'micromax','android','black','Name:Micromax Canvas 4 A210-Screen Size:5-Camera:13 MP-OS:ANdroid v4.2.1','mobiles&tablets','canvas4a210whitep1.jpg','canvas4a210whitep2.jpg','canvas4a210whitep3.jpg','canvas4a210whitep4.jpg','canvas4a210whitep5.jpg','mobiles',18999,'5%Off','In Stock','Delivery in 3-4 Business Days',NULL),(3010,'Micromax Canvas 4 A210 Grey','5',19999,1,'micromax','android','grey','Name:Micromax Canvas 4 A210-Screen Size:5-Camera:13 MP-OS:ANdroid v4.2.1','mobiles&tablets','canvas4a210greyp1.jpg','canvas4a210greyp2.jpg','canvas4a210greyp3.jpg','canvas4a210greyp4.jpg','canvas4a210greyp5.jpg','mobiles',18999,'5%Off','In Stock','Delivery in 3-4 Business Days',NULL),(4001,'Sony Xperia SP Black','4.6',24249,2,'sony','android','black','Name:Sony Xperia SP-Screen Size:4.6-Camera:8 MP-OS:Android v4.1','mobiles&tablets','xperiaspblackp1.jpg','xperiaspblackp2.jpg','xperiaspblackp3.jpg','xperiaspblackp4.jpg','xperiaspblackp5.jpg','mobiles',22575,'7%Off','In Stock','Delivery in 3-4 Business Days','DISPLAY:- Type:	TFT -Size:	4.6 Inches -Resolution:	HD, 1280 x 720 Pixels- Other Display Features:	Scratch Resistant, Screenshot Capturing, Multitouch (up to 10 Fingers Supported), Gesture Input, Glove Mode, PinchtoZoom, OptiContrast Panel, Auto Rotation, Onetouch Mirroring, BRAVIA Engine 2, Corning Gorilla Glass, Screen Mirroring- Color:	16 M- CAMERA :-Primary Camera:	Yes, 8 Megapixel- Secondary Camera:	Yes, 0.3 Megapixel- Flash:	LED -Zoom:	Digital Zoom 16x -Video Recording:	Yes, 1920 x 1080 -Other Camera Features:	Auto Focus, Exmor RS Sensor, Auto HDR, Face and Smile Detection, Sweep Panorama, Smile Shutter, Geotagging, Selftimer, Touch Focus, White Balance, Image Stabilizer, Metering, Auto Upload, Shutter Sound, Multiscene Mode, Redeye Reduction, Scene Recognition- HD Recording:	HD, Full HD -DIMENSIONS:- Size:	67.1x130.6x9.98 mm -Weight:	155 g- BATTERY Type:	2370 mAh- MEMORY AND STORAGE :-Internal:	8 GB -Memory:	1 GB RAM -Expandable Memory:	microSD, upto 32 GB'),(4002,'Sony Xperia SL Black','4.3',23990,1,'sony','android','black','Name:Sony Xperia SL -Screen Size:4.3-Camera:12 MP-OS:Android v4.0.4','mobiles&tablets','xperiaslblackp1.jpg','xperiaslblackp2.jpg','xperiaslblackp3.jpg','xperiaslblackp4.jpg','xperiaslblackp5.jpg','mobiles',23000,'4%Off','In Stock','Delivery in 3-4 Business Days','DISPLAY :-Type:	TFT -Size:	4.3 Inches -Resolution:	HD, 1280 x 720 Pixels -Colors:	16 M -Other Display Features:	Shatter Proof Sheet, Scratchresistant Glass, Mobile Bravia Engine, Gesture Input -CAMERA :-Primary Camera:	Yes, 12.1 Megapixel -Secondary Camera:	Yes, 1.3 Megapixel -Video Recording:	Yes, 1920 x 1080, 30 fps -Flash:	LED -Zoom:	Digital Zoom  16x- Other Camera Features:	Auto Focus, Geotagging, Touch Focus, Face and Smile Detection, Image Stabilization, 3D Sweep Panorama, Red Eye Reduction, Scene Recognition, Selftimer -HD Recording:	HD, Full HD -DIMENSIONS:- Size:	64 x 128 x 10.6 mm- Weight:	144 g -BATTERY:- Type:	LiIon, 1750 mAh -Talktime:	7 hrs (2G), 8 hrs (3G) -Standby Time:	410 hrs (2G), 390 hrs (3G)- MEMORY AND STORAGE :-Internal:	32 GB (26 GB User Memory)- Memory:	1 GB RAM'),(4003,'Sony Xperia ZR C5502 Black','4.6',29900,1,'sony','android','black','Name:Sony Xperia ZR C5502 -Screen Size:4.6-Camera:13.1 MP-OS:Android v4.2','mobiles&tablets','xperiazrblackp1.jpg','xperiazrblackp2.jpg','xperiazrblackp3.jpg','xperiazrblackp4.jpg','xperiazrblackp5.jpg','mobiles',28800,'3.5%Off','In Stock','Delivery in 3-4 Business Days','DISPLAY:- Type:	TFT -Size:	4.6 Inches -Resolution:	HD, 1280 x 720 Pixels -Other Display Features:	Dustproof and Waterproof, OptiContrast Panel, Multitouch (Upto 10 Fingers Supported), Auto Rotation, Vivid Display, Shatterproof Sheet on Scratchresistant Glass, Gesture Input, Wide Color Gamut, BRAVIA Engine 2, Screenshot Capturing- Color:	16 M -CAMERA:- Primary Camera:	Yes, 13 Megapixel -Secondary Camera:	0.3 Megapixel -Video Recording:	Yes, 1080 x 1920 -Flash:	LED- Zoom:	Digital Zoom  16x -Other Camera Features:	Exmor RS for Mobile Sensor, Burst Mode, Fast Capture, Auto Focus, Face Detection, Face Recognition, Geotagging, Image Stabiliser, Object Tracking, Picture Effect, Quick Launch, Redeye Reduction, Scene Recognition, Smile Shutter, Send to Web, Image Senso- HD Recording:	HD, Full HD -DIMENSIONS :-Size:	67.3x131.3x10.5 mm -Weight:	138 g- BATTERY:- Type:	2300 mAh -Talk Time:	11 hrs (2G), 13 hrs (3G) -Standby Time:	470 hrs (2G), 520 hrs (3G) -MEMORY AND STORAGE :-Memory:	2 GB RAM, 8 GB ROM- Expandable Memory:	microSD, upto 32 GB'),(4004,'Sony Xperia L Black','4.3',17450,1,'sony','android','white','Name:Sony Xperia L -Screen Size:4.3-Camera:8 MP-OS:Android v4.1','mobiles&tablets','xperialblackp1.jpg','xperialblackp2.jpg','xperialblackp3.jpg','xperialblackp4.jpg','xperialblackp5.jpg','mobiles',16250,'6.8%OFf','In Stock','Delivery in 3-4 Business Days','DISPLAY:- Type:	TFT -Size:	4.3 Inches -Resolution: FWVGA, 480 x 854 Pixels -Other Display Features: PinchtoZoom, Multitouch (Upto 4 Fingers Supported), Scratch Resistant -Color:	16 M -CAMERA :-Primary Camera: Yes, 8 Megapixel -Secondary Camera:	Yes, 0.3 Megapixel -Video Recording: Yes, 720 x 1280 -Flash:	LED -Zoom:	Digital Zoom 4x -Other Camera Features:	Face and Smile Detection, Auto Focus, Geotagging, HDR for Picture and Movie, Image Stabilizer, Self timer, Image Sensor, Redeye Reduction, Sweep Panorama, Touch Focus, Smile Shutter, White Balance, Metering, Image Editor -HD Recording:	HD -DIMENSIONS :-Size: 65x128.7x9.7 mm -Weight: 137 g -BATTERY :-Type:	1750 mAh -Talk Time:	8 hrs (2G), 9 hrs (3G) -Standby Time:	498 hrs (2G), 454 hrs (3G)- MEMORY AND STORAGE :-Internal:	8 GB -Memory:	1 GB RAM -Expandable Memory: microSD, upto 32 GB'),(4005,'Sony Xperia J Black','4',14499,2,'sony','android','black','Name:Sony Xperia J -Screen Size:4-Camera:5 MP-OS:Android v4.0.4','mobiles&tablets','xperiajblackp1.jpg','xperiajblackp2.jpg','xperiajblackp3.jpg','xperiajblackp4.jpg','xperiajblackp5.jpg','mobiles',12850,'11%Off','In Stock','Delivery in 3-4 Business Days',' DISPLAY :-Type:	TFT -Size:	4 Inches -Resolution:	FWVGA, 854 x 480 Pixels- Other Display Features:	Scratch Resistant, Corning Gorilla Glass, Touch Sensitive Controls, Gesture Input, Handwriting Recognition, 2 Fingers Multi-touch -Color:	16 M -CAMERA :-Primary Camera:	Yes, 5 Megapixel -Secondary Camera:	Yes, 0.3 Megapixel -Video Recording:	Yes, 640 x 480, 30 fps -Zoom:	Digital Zoom  4x -Other Camera Features:	Auto Focus, Geotagging, Self Timer, Touch Focus, Image Stabilizer, Video Light Flash	LED -DIMENSIONS :-Size:	61x124.3x9.2 mm- Weight:	130 g -BATTERY:- Type:	LiIon, 1700 mAh -Talk Time:	5 hrs (2G), 7 hrs (3G) -Standby Time:	607 hrs (2G), 618 hrs (3G)- MEMORY AND STORAGE :-Internal:	4 GB -Memory:	512 MB RAM- Expandable Memory:	microSD, upto 32 GB'),(4006,'Sony Xperia U Black','3.5',14511,2,'sony','android','black','Name:Sony Xperia U -Screen Size:3.5-Camera:5 MP-OS:Android v2.3','mobiles&tablets','xperiaublackp1.jpg','xperiaublackp2.jpg','xperiaublackp3.jpg','xperiaublackp4.jpg','xperiaublackp5.jpg','mobiles',12100,'16%Off','In Stock','Delivery in 3-4 Business Days','DISPLAY:- Type:	TFT -Size:	3.5 Inches- Resolution:	FWVGA, 854 x 480 Pixels -Colors:	16 M -Other Display Features:	Mobile Bravia Engine, Scratchresistant, Antireflection Coating on Mineral Glass, Screenshot Capturing -CAMERA:- Primary Camera:	Yes, 5 Megapixel -Secondary Camera:	Yes, 0.3 Megapixel -Video Recording:	Yes, 1280 x 720, 30 fps- Flash:	LED -Zoom:	Digital Zoom 16x- Other Camera Features:	Auto Focus, 3D Sweep Panorama, Geotagging, Touch Focus, Face and Smile Detection, Image Stabilization, Self Timer, Image Editor -HD Recording:	HD -DIMENSIONS :-Size:	54 x 112 x 12 mm -Weight:	110 g -BATTERY:- Type:	LiIon, 1320 mAh -Talktime:	6 hrs (2G), 5 hrs (3G) -Standby Time:	260 hrs (2G), 472 hrs (3G)- MEMORY AND STORAGE :-Internal:	8 GB -Memory:	512 MB RAM'),(4007,'Sony Xperia P Black','4',24599,3,'sony','android','black','Name:Sony Xperia P -Screen Size:4-Camera:8 MP-OS:Android v2.3','mobiles&tablets','xperiapblackp1.jpg','xperiapblackp2.jpg','xperiapblackp3.jpg','xperiapblackp4.jpg','xperiapblackp5.jpg','mobiles',18850,'23%Off','In Stock','Delivery in 3-4 Business Days','DISPLAY:- Type:	TFT -Size:	4 Inches- Resolution:	960 x 540 Pixels -Colors:	16 M -Other Display Features:	Scratchresistant, Shatter Proof Sheet on Mineral Glass, Screenshot Capturing, WhiteMagic Technology, Gesture Input, Mobile Bravia Engine -CAMERA:- Primary Camera:	Yes, 8 Megapixel -Secondary Camera:	Yes, 0.3 Megapixel -Video Recording:	Yes, 1080 x 1920, 30 fps -Flash:	LED -Zoom:	Digital Zoom 8x -Other Camera Features:	Geotagging, 3D Sweep Panorama, Face and Smile Detection, Touch Focus, Image Stabilization, Auto Focus, Redeye Reduction, Self Timer -HD Recording:	HD,Full  HD -DIMENSIONS:- Size:	59.5 x 122 x 10.5 mm- Weight:	126 g -STORAGE :-Expandable Storage Capacity:	No -BATTERY Type:	LiIon, 1305 mAh -Talktime:	6 hrs (2G), 5 hrs (3G) -Standby Time:	470 hrs (2G), 475 hrs (3G)- MEMORY AND STORAGE :-Internal:	16 GB Expandable -Memory Slot:	No Memory:	1 GB RAM'),(4008,'Sony Xperia E Black','3.5',10049,1,'sony','android','black','Name:Sony Xperia E -Screen Size:3.5-Camera:3.15 MP-OS:Android v4.1','mobiles&tablets','xperiaeblackp1.jpg','xperiaeblackp2.jpg','xperiaeblackp3.jpg','xperiaeblackp4.jpg','xperiaeblackp5.jpg','mobiles',8350,'17%Off','In Stock','Delivery in 3-4 Business Days','DISPLAY:- Type:	TFT -Size:	3.5 Inches -Resolution:	HVGA, 320 x 480 Pixels -Other Display Features:	Scratch Resistant, Gesture Input, Auto Rotate, PinchtoZoom, Multitouch (Upto 2 Fingers Supported) Color:	262 K -CAMERA:- Primary Camera:	Yes, 3.2 Megapixel -Video Recording:	Yes, 640 x 480- Zoom:	Digital Zoom 4x -Other Camera Features:	Album, Auto Focus, Geotagging, Selftimer, Image Editor -DIMENSIONS:- Size:	11x113.5x61.8 mm -Weight:	115.7 g -BATTERY Type:	1530 mAh -Talk Time:	6 hrs (2G), 6 hrs (3G) -Standby Time:	530 hrs (2G), 530 hrs (3G)- MEMORY AND STORAGE :-Internal:	4 GB- Memory:	512 MB RAM -Expandable Memory:	microSD, upto 32 GB'),(4009,'Sony Xperia Tipo(Single Sim) Black','3.2',8019,1,'sony','android','black','Name:Sony Xperia Tipo Single Sim -Screen Size:3.2-Camera:3.15 MP-OS:Android v4.0.3','mobiles&tablets','xperiatipossblackp1.jpg','xperiatipossblackp2.jpg','xperiatipossblackp3.jpg','xperiatipossblackp4.jpg','xperiatipossblackp5.jpg','mobiles',6550,'18%Off','In Stock','Delivery in 3-4 Business Days','DISPLAY :-Type:	TFT -Size:	3.2 Inches -Resolution:	HVGA, 320 x 480 Pixels -Colors:	262 K- Other Display Features:	Scratchresistant, Handwriting Recognition, Gesture Support- CAMERA :-Primary Camera:	Yes, 3.2 Megapixel -Secondary Camera:	No- Zoom:	Digital Zoom  4x -Video Recording:	Yes, 640 x 480, 30 fps- Other Camera Features:	Geotagging, Self Timer, Send to Web -DIMENSIONS :-Size:	57 x 103 x 13 mm Weight:	99.4 g -BATTERY:- Type:	LiIon, 1500 mAh -Talktime:	5 hrs (2G), 4 hrs (3G) -Standby Time:	470 hrs (2G), 545 hrs (3G) -MEMORY AND STORAGE:- Internal:	2.5 GB Expandable -Memory Slot:	microSD, upto 32 GB -Memory:	512 MB RAM'),(4010,'Sony Xperia Miro Black','3.5',12200,2,'sony','android','black','Name:Sony Xperia Miro -Screen Size:3.5-Camera:5 MP-OS:Android v4.0','mobiles&tablets','xperiamiroblackp1.jpg','xperiamiroblackp2.jpg','xperiamiroblackp3.jpg','xperiamiroblackp4.jpg','xperiamiroblackp5.jpg','mobiles',12220,'0%Off','In Stock','Delivery in 3-4 Business Days',' DISPLAY:- Type:	TFT- Size:	3.5 Inches -Resolution:	HVGA, 320 x 480 Pixels -Colors:	16 M -Other Display Features:	Scratchresistant, Handwriting Recognition, Gesture Support, Multitouch- CAMERA :-Primary Camera:	Yes, 5 Megapixel -Secondary Camera:	Yes, 0.3 Megapixel -Video Recording:	Yes, 640 x 480, 30 fps -Zoom:	Digital Zoom  4x -Flash:	LED- Other Camera Features:	Auto Focus, Geotagging, Touch Focus, Face and Smile Detection, 3D Sweep Panorama, Video Light, Video Stabilizer, Self Timer, Touch Capture, Photo Flash, Photo Light, Send to Web -DIMENSIONS :-Size:	59.4 x 113 x 9.9 mm -Weight:	110 g- BATTERY :-Type:	LiIon, 1500 mAh -Talktime:	5 hrs (2G), 6 hrs (3G) -Standby Time:	470 hrs (2G), 545 hrs (3G)- MEMORY AND STORAGE :-Internal:	4 GB (2.2 GB User Memory)- Expandable Memory Slot:	microSD, upto 32 GB- Memory:	512 MB RAM'),(4011,'Sony Xperia L White','4.3',17450,1,'sony','android','white','Name:Sony Xperia L -Screen Size:4.3-Camera:8 MP-OS:Android v4.1','mobiles&tablets','xperialwhitep1.jpg','xperialwhitep2.jpg','xperialwhitep3.jpg','xperialwhitep4.jpg','xperialwhitep5.jpg','mobiles',16250,'6.8%Off','In Stock','Delivery in 3-4 Business Days','DISPLAY:- Type:	TFT -Size:	4.3 Inches -Resolution: FWVGA, 480 x 854 Pixels -Other Display Features: PinchtoZoom, Multitouch (Upto 4 Fingers Supported), Scratch Resistant -Color:	16 M -CAMERA :-Primary Camera: Yes, 8 Megapixel -Secondary Camera:	Yes, 0.3 Megapixel -Video Recording: Yes, 720 x 1280 -Flash:	LED -Zoom:	Digital Zoom 4x -Other Camera Features:	Face and Smile Detection, Auto Focus, Geotagging, HDR for Picture and Movie, Image Stabilizer, Self timer, Image Sensor, Redeye Reduction, Sweep Panorama, Touch Focus, Smile Shutter, White Balance, Metering, Image Editor -HD Recording:	HD -DIMENSIONS :-Size: 65x128.7x9.7 mm -Weight: 137 g -BATTERY :-Type:	1750 mAh -Talk Time:	8 hrs (2G), 9 hrs (3G) -Standby Time:	498 hrs (2G), 454 hrs (3G)- MEMORY AND STORAGE :-Internal:	8 GB -Memory:	1 GB RAM -Expandable Memory: microSD, upto 32 GB'),(4012,'Sony Xperia P White','4',24599,1,'sony','android','white','Name:Sony Xperia P -Screen Size:4-Camera:8 MP-OS:Android v2.3','mobiles&tablets','xperiapwhitep1.jpg','xperiapwhitep2.jpg','xperiapwhitep3.jpg','xperiapwhitep4.jpg','xperiapwhitep5.jpg','mobiles',18850,'23%Off','In Stock','Delivery in 3-4 Business Days','DISPLAY:- Type:	TFT -Size:	4 Inches- Resolution:	960 x 540 Pixels -Colors:	16 M -Other Display Features: Scratchresistant, Shatter Proof Sheet on Mineral Glass, Screenshot Capturing, WhiteMagic Technology, Gesture Input, Mobile Bravia Engine -CAMERA:- Primary Camera: Yes, 8 Megapixel -Secondary Camera:	Yes, 0.3 Megapixel -Video Recording: Yes, 1080 x 1920, 30 fps -Flash:	LED -Zoom:	Digital Zoom 8x -Other Camera Features: Geotagging, 3D Sweep Panorama, Face and Smile Detection, Touch Focus, Image Stabilization, Auto Focus, Redeye Reduction, Self Timer -HD Recording: HD,Full HD -DIMENSIONS:- Size:	59.5 x 122 x 10.5 mm- Weight:	126 g -STORAGE :-Expandable Storage Capacity:	No -BATTERY Type:	LiIon, 1305 mAh -Talktime:	6 hrs (2G), 5 hrs (3G) -Standby Time: 470 hrs (2G), 475 hrs (3G)- MEMORY AND STORAGE :-Internal:	16 GB Expandable -Memory Slot: No Memory:	1 GB RAM'),(4013,'Sony Xperia E White','3.5',10049,1,'sony','android','white','Name:Sony Xperia E -Screen Size:3.5-Camera:3.15 MP-OS:Android v4.1','mobiles&tablets','xperiaewhitep1.jpg','xperiaewhitep2.jpg','xperiaewhitep3.jpg','xperiaewhitep4.jpg','xperiaewhitep5.jpg','mobiles',8350,'17%Off','In Stock','Delivery in 3-4 Business Days','DISPLAY:- Type:	TFT -Size:	3.5 Inches -Resolution:	HVGA, 320 x 480 Pixels -Other Display Features:	Scratch Resistant, Gesture Input, Auto Rotate, PinchtoZoom, Multitouch (Upto 2 Fingers Supported) Color:	262 K -CAMERA:- Primary Camera:	Yes, 3.2 Megapixel -Video Recording:	Yes, 640 x 480- Zoom:	Digital Zoom 4x -Other Camera Features:	Album, Auto Focus, Geotagging, Selftimer, Image Editor -DIMENSIONS:- Size:	11x113.5x61.8 mm -Weight:	115.7 g -BATTERY Type:	1530 mAh -Talk Time:	6 hrs (2G), 6 hrs (3G) -Standby Time:	530 hrs (2G), 530 hrs (3G)- MEMORY AND STORAGE :-Internal:	4 GB- Memory:	512 MB RAM -Expandable Memory:	microSD, upto 32 GB'),(4014,'Sony Xperia J White','4',14499,2,'sony','android','white','Name:Sony Xperia J -Screen Size:4-Camera:5 MP-OS:Android v4.0.4','mobiles&tablets','xperiajwhitep1.jpg','xperiajwhitep2.jpg','xperiajwhitep3.jpg','xperiajwhitep4.jpg','xperiajwhitep5.jpg','mobiles',12850,'11%Off','In Stock','Delivery in 3-4 Business Days',' DISPLAY :-Type:	TFT -Size:	4 Inches -Resolution:	FWVGA, 854 x 480 Pixels- Other Display Features:	Scratch Resistant, Corning Gorilla Glass, Touch Sensitive Controls, Gesture Input, Handwriting Recognition, 2 Fingers Multi-touch -Color:	16 M -CAMERA :-Primary Camera:	Yes, 5 Megapixel -Secondary Camera:	Yes, 0.3 Megapixel -Video Recording:	Yes, 640 x 480, 30 fps -Zoom:	Digital Zoom  4x -Other Camera Features:	Auto Focus, Geotagging, Self Timer, Touch Focus, Image Stabilizer, Video Light Flash	LED -DIMENSIONS :-Size:	61x124.3x9.2 mm- Weight:	130 g -BATTERY:- Type:	LiIon, 1700 mAh -Talk Time:	5 hrs (2G), 7 hrs (3G) -Standby Time:	607 hrs (2G), 618 hrs (3G)- MEMORY AND STORAGE :-Internal:	4 GB -Memory:	512 MB RAM- Expandable Memory:	microSD, upto 32 GB'),(4015,'Sony Xperia SP White','4.6',24249,1,'sony','android','white','Name:Sony Xperia SP-Screen Size:4.6-Camera:8 MP-OS:Android v4.1','mobiles&tablets','xperiaspwhitep1.jpg','xperiaspwhitep2.jpg','xperiaspwhitep3.jpg','xperiaspwhitep4.jpg','xperiaspwhitep5.jpg','mobiles',22575,'7%Off','In Stock','Delivery in 3-4 Business Days','DISPLAY:- Type:	TFT -Size:	4.6 Inches -Resolution:	HD, 1280 x 720 Pixels- Other Display Features:	Scratch Resistant, Screenshot Capturing, Multitouch (up to 10 Fingers Supported), Gesture Input, Glove Mode, PinchtoZoom, OptiContrast Panel, Auto Rotation, Onetouch Mirroring, BRAVIA Engine 2, Corning Gorilla Glass, Screen Mirroring- Color:	16 M- CAMERA :-Primary Camera:	Yes, 8 Megapixel- Secondary Camera:	Yes, 0.3 Megapixel- Flash:	LED -Zoom:	Digital Zoom 16x -Video Recording:	Yes, 1920 x 1080 -Other Camera Features:	Auto Focus, Exmor RS Sensor, Auto HDR, Face and Smile Detection, Sweep Panorama, Smile Shutter, Geotagging, Selftimer, Touch Focus, White Balance, Image Stabilizer, Metering, Auto Upload, Shutter Sound, Multiscene Mode, Redeye Reduction, Scene Recognition- HD Recording:	HD, Full HD -DIMENSIONS:- Size:	67.1x130.6x9.98 mm -Weight:	155 g- BATTERY Type:	2370 mAh- MEMORY AND STORAGE :-Internal:	8 GB -Memory:	1 GB RAM -Expandable Memory:	microSD, upto 32 GB'),(4016,'Sony Xperia SL White','4.3',23990,1,'sony','android','white','Name:Sony Xperia SL -Screen Size:4.3-Camera:12 MP-OS:Android v4.0.4','mobiles&tablets','xperiaslwhitep1.jpg','xperiaslwhitep2.jpg','xperiaslwhitep3.jpg','xperiaslwhitep4.jpg','xperiaslwhitep5.jpg','mobiles',23000,'4%Off','In Stock','Delivery in 3-4 Business Days','DISPLAY :-Type:	TFT -Size:	4.3 Inches -Resolution:	HD, 1280 x 720 Pixels -Colors:	16 M -Other Display Features:	Shatter Proof Sheet, Scratchresistant Glass, Mobile Bravia Engine, Gesture Input -CAMERA :-Primary Camera:	Yes, 12.1 Megapixel -Secondary Camera:	Yes, 1.3 Megapixel -Video Recording:	Yes, 1920 x 1080, 30 fps -Flash:	LED -Zoom:	Digital Zoom  16x- Other Camera Features:	Auto Focus, Geotagging, Touch Focus, Face and Smile Detection, Image Stabilization, 3D Sweep Panorama, Red Eye Reduction, Scene Recognition, Selftimer -HD Recording:	HD, Full HD -DIMENSIONS:- Size:	64 x 128 x 10.6 mm- Weight:	144 g -BATTERY:- Type:	LiIon, 1750 mAh -Talktime:	7 hrs (2G), 8 hrs (3G) -Standby Time:	410 hrs (2G), 390 hrs (3G)- MEMORY AND STORAGE :-Internal:	32 GB (26 GB User Memory)- Memory:	1 GB RAM'),(4017,'Sony Xperia ZR C5502 White','4.6',29900,1,'sony','android','White','Name:Sony Xperia ZR C5502 -Screen Size:4.6-Camera:13.1 MP-OS:Android v4.2','mobiles&tablets','xperiazrwhitep1.jpg','xperiazrwhitep2.jpg','xperiazrwhitep3.jpg','xperiazrwhitep4.jpg','xperiazrwhitep5.jpg','mobiles',28800,'3.5%Off','In Stock','Delivery in 3-4 Business Days','DISPLAY:- Type:	TFT -Size:	4.6 Inches -Resolution:	HD, 1280 x 720 Pixels -Other Display Features:	Dustproof and Waterproof, OptiContrast Panel, Multitouch (Upto 10 Fingers Supported), Auto Rotation, Vivid Display, Shatterproof Sheet on Scratchresistant Glass, Gesture Input, Wide Color Gamut, BRAVIA Engine 2, Screenshot Capturing- Color:	16 M -CAMERA:- Primary Camera:	Yes, 13 Megapixel -Secondary Camera:	0.3 Megapixel -Video Recording:	Yes, 1080 x 1920 -Flash:	LED- Zoom:	Digital Zoom  16x -Other Camera Features:	Exmor RS for Mobile Sensor, Burst Mode, Fast Capture, Auto Focus, Face Detection, Face Recognition, Geotagging, Image Stabiliser, Object Tracking, Picture Effect, Quick Launch, Redeye Reduction, Scene Recognition, Smile Shutter, Send to Web, Image Senso- HD Recording:	HD, Full HD -DIMENSIONS :-Size:	67.3x131.3x10.5 mm -Weight:	138 g- BATTERY:- Type:	2300 mAh -Talk Time:	11 hrs (2G), 13 hrs (3G) -Standby Time:	470 hrs (2G), 520 hrs (3G) -MEMORY AND STORAGE :-Memory:	2 GB RAM, 8 GB ROM- Expandable Memory:	microSD, upto 32 GB'),(4018,'Sony Xperia Miro White','3.5',12200,2,'sony','android','white','Name:Sony Xperia Miro -Screen Size:3.5-Camera:5 MP-OS:Android v4.0','mobiles&tablets','xperiamirowhitep1.jpg','xperiamirowhitep2.jpg','xperiamirowhitep3.jpg','xperiamirowhitep4.jpg','xperiamirowhitep5.jpg','mobiles',12200,'0%Off','In Stock','Delivery in 3-4 Business Days',' DISPLAY:- Type:	TFT- Size:	3.5 Inches -Resolution:	HVGA, 320 x 480 Pixels -Colors:	16 M -Other Display Features:	Scratchresistant, Handwriting Recognition, Gesture Support, Multitouch- CAMERA :-Primary Camera:	Yes, 5 Megapixel -Secondary Camera:	Yes, 0.3 Megapixel -Video Recording:	Yes, 640 x 480, 30 fps -Zoom:	Digital Zoom  4x -Flash:	LED- Other Camera Features:	Auto Focus, Geotagging, Touch Focus, Face and Smile Detection, 3D Sweep Panorama, Video Light, Video Stabilizer, Self Timer, Touch Capture, Photo Flash, Photo Light, Send to Web -DIMENSIONS :-Size:	59.4 x 113 x 9.9 mm -Weight:	110 g- BATTERY :-Type:	LiIon, 1500 mAh -Talktime:	5 hrs (2G), 6 hrs (3G) -Standby Time:	470 hrs (2G), 545 hrs (3G)- MEMORY AND STORAGE :-Internal:	4 GB (2.2 GB User Memory)- Expandable Memory Slot:	microSD, upto 32 GB- Memory:	512 MB RAM'),(4019,'Sony Xperia Tipo(Single Sim) White','3.2',8019,1,'sony','android','white','Name:Sony Xperia Tipo Single Sim -Screen Size:3.2-Camera:3.15 MP-OS:Android v4.0.3','mobiles&tablets','xperiatiposswhitep1.jpg','xperiatiposswhitep2.jpg','xperiatiposswhitep3.jpg','xperiatiposswhitep4.jpg','xperiatiposswhitep5.jpg','mobiles',6550,'18%Off','In Stock','Delivery in 3-4 Business Days','DISPLAY :-Type:	TFT -Size:	3.2 Inches -Resolution:	HVGA, 320 x 480 Pixels -Colors:	262 K- Other Display Features:	Scratchresistant, Handwriting Recognition, Gesture Support- CAMERA :-Primary Camera:	Yes, 3.2 Megapixel -Secondary Camera:	No- Zoom:	Digital Zoom  4x -Video Recording:	Yes, 640 x 480, 30 fps- Other Camera Features:	Geotagging, Self Timer, Send to Web -DIMENSIONS :-Size:	57 x 103 x 13 mm Weight:	99.4 g -BATTERY:- Type:	LiIon, 1500 mAh -Talktime:	5 hrs (2G), 4 hrs (3G) -Standby Time:	470 hrs (2G), 545 hrs (3G) -MEMORY AND STORAGE:- Internal:	2.5 GB Expandable -Memory Slot:	microSD, upto 32 GB -Memory:	512 MB RAM'),(4020,'Sony Xperia U White','3.5',14511,2,'sony','android','white','Name:Sony Xperia U -Screen Size:3.5-Camera:5 MP-OS:Android v2.3','mobiles&tablets','xperiauwhitep1.jpg','xperiauwhitep2.jpg','xperiauwhitep3.jpg','xperiauwhitep4.jpg','xperiauwhitep5.jpg','mobiles',12100,'16%Off','In Stock','Delivery in 3-4 Business Days','DISPLAY:- Type:	TFT -Size:	3.5 Inches- Resolution:	FWVGA, 854 x 480 Pixels -Colors:	16 M -Other Display Features:	Mobile Bravia Engine, Scratchresistant, Antireflection Coating on Mineral Glass, Screenshot Capturing -CAMERA:- Primary Camera:	Yes, 5 Megapixel -Secondary Camera:	Yes, 0.3 Megapixel -Video Recording:	Yes, 1280 x 720, 30 fps- Flash:	LED -Zoom:	Digital Zoom 16x- Other Camera Features:	Auto Focus, 3D Sweep Panorama, Geotagging, Touch Focus, Face and Smile Detection, Image Stabilization, Self Timer, Image Editor -HD Recording:	HD -DIMENSIONS :-Size:	54 x 112 x 12 mm -Weight:	110 g -BATTERY:- Type:	LiIon, 1320 mAh -Talktime:	6 hrs (2G), 5 hrs (3G) -Standby Time:	260 hrs (2G), 472 hrs (3G)- MEMORY AND STORAGE :-Internal:	8 GB -Memory:	512 MB RAM'),(5001,'Htc Desire C Black','3.5',10305,2,'htc','android','black','Name:Htc Desire C-Screen Size:3.5-Camera:5 MP-OS:Android v4.0','mobiles&tablets','desirecblackp1.jpg','desirecblackp2.jpg','desirecblackp3.jpg','desirecblackp4.jpg','desirecblackp5.jpg','mobiles',8850,'14%Off','In Stock','Delivery in 3-4 Business Days','DISPLAY:- Size: 3.5 Inches -Resolution: HVGA, 480 x 320 Pixels -Colors:	16 M -CAMERA :-Primary Camera: Yes, 5 Megapixel -Secondary Camera:	No -Flash Support: No -Flash:	No- Video Recording: Yes -Other Camera Features: Auto Focus, Geotagging -DIMENSIONS:- Size:	60.6 x 107.2 x 11.95 mm -Weight:	98 g- BATTERY:- Type:	LiIon, 1230 mAh -MEMORY AND STORAGE :-Internal:	4 GB- Expandable Memory Slot: microSD, upto 32 GB -Memory: 512 MB RAM'),(5002,'Htc Desire X Black','4',17499,2,'htc','android','black','Name:Htc Desire X-Screen Size:4-Camera:5 MP-OS:Android v4.0.4','mobiles&tablets','desirexblackp1.jpg','desirexblackp2.jpg','desirexblackp3.jpg','desirexblackp4.jpg','desirexblackp5.jpg','mobiles',15250,'12%Off','In Stock','Delivery in 3-4 Business Days','DISPLAY:- Type:	Super LCD -Size:	4 Inches -Resolution: WVGA, 800 x 480 Pixels -Colors:	16 M -CAMERA :-Primary Camera: Yes, 5 Megapixel- Flash: LED -Video Recording:	Yes, 800 x 480, 30 fps- Other Camera Features: Auto Focus, BSI Sensor, F2.0 Aperture and 28mm Lens, Continuous Shot, Geotagging, Multishot, PinchtoZoom, Image Editor -DIMENSIONS:- Size:	62.3 x 118.5 x 9.3 mm -Weight:	114 g -BATTERY :-Type:	LiIon, 1650 mAh -Talktime:	20 hrs (2G), 10 hrs (3G) -Standby Time: 750 hrs (2G), 833 hrs (3G) -MEMORY AND STORAGE:- Internal:	4 GB- Expandable Memory Slot: microSD, upto 32 GB- Memory: 768 MB RAM'),(5003,'Htc One 801 E Black','4.7',43499,1,'htc','android','black','Name:Htc One 801 E-Screen Size:4.7-Camera:4 MP-OS:Android v4.0','mobiles&tablets','htcone801eblackp1.jpg','htcone801eblackp2.jpg','htcone801eblackp3.jpg','htcone801eblackp4.jpg','htcone801eblackp5.jpg','mobiles',40050,'7.5%Off','In Stock','Delivery in 3-4 Business Days',NULL),(5004,'Htc Explorer','3.2',8324,1,'htc','android','black','Name:Htc Explorer-Screen Size:3.2-Camera:3 MP-OS:Android v2.3','mobiles&tablets','htcexplorerblackp1.jpg','htcexplorerblackp2.jpg','htcexplorerblackp3.jpg','htcexplorerblackp4.jpg','htcexplorerblackp5.jpg','mobiles',6500,'20%Off','In Stock','Delivery in 3-4 Business Days','DISPLAY:- Type:	TFT -Size: 3.2 Inches -Resolution: HVGA, 320 x 480 Pixels- Colors:	256 K- CAMERA :-Primary Camera: Yes, 3 Megapixel- Secondary Camera:	No -Video Recording: Yes -Flash Support:	No -Flash:	No -Other Camera Features: Geotagging, Face Detection- DIMENSIONS:- Size:	57.2 x 102.8 x 12.9 mm- Weight:	108 g -BATTERY Type:	LiIon, 1230 mAh -Talktime:	7 hrs (2G), 7 hrs (3G) -Standby Time: 485 hrs (2G), 445 hrs (3G) -MEMORY AND STORAGE :-Internal:	90 MB Included- Memory Card:	2 GB -Expandable Memory Slot: microSD, upto 32 GB -Memory: 512 MB RAM'),(5005,'Htc Desire U Black','4',13800,2,'htc','android','black','Name:Htc Desire U-Screen Size:4-Camera:5 MP-OS:Android v4.0','mobiles&tablets','desireublackp1.jpg','desireublackp2.jpg','desireublackp3.jpg','desireublackp4.jpg','desireublackp5.jpg','mobiles',13450,'2.5%Off','In Stock','Delivery in 3-4 Business Days','DISPLAY :-Type:	Super LCD -Size:	4 Inches -Resolution:	WVGA, 480 x 800 Pixels- Color:	16 M -CAMERA Primary Camera:	Yes, 5 Megapixel -Flash:	LED -Video Recording:	Yes, 800 x 480 -Other Camera Features:	Auto Focus -DIMENSIONS:- Size:	62.3x118.5x9.3 mm -Weight:	114 g -BATTERY :-Type:	LiIon, 1650 mAh- MEMORY AND STORAGE:- Internal:	4 GB -Memory:	512 MB RAM -Expandable Memory:	microSD, upto 32 GB'),(5006,'Htc One V Black','3.7',19399,1,'htc','android','black','Name:Htc One V-Screen Size:3.7-Camera:5 MP-OS:Android v4.0','mobiles&tablets','htconevblackp1.jpg','htconevblackp2.jpg','htconevblackp3.jpg','htconevblackp4.jpg','htconevblackp5.jpg','mobiles',13200,'30%Off','In Stock','Delivery in 3-4 Business Days','DISPLAY:- Type:	Super LCD 2 -Size:	3.7 Inches- Resolution:	WVGA, 480 x 800 Pixels -Colors:	16 M -Other Display Features:	Corning Gorilla Glass- CAMERA:- Primary Camera:	Yes, 5 Megapixel- Secondary Camera:	No -Flash:	LED- Video Recording:	Yes, 1280 x 720 -Other Camera Features:	Auto Focus, BSI Sensor, Geotagging, Dedicated Imaging Chip, Continuous Shooting -HD Recording:	HD -DIMENSIONS:- Size:	59.7 x 120.3 x 9.24 mm- Weight:	115 g- BATTERY:- Type:	LiIon, 1500 mAh- MEMORY AND STORAGE:- Internal:	4 GB -Expandable Memory Slot:	microSD, upto 32 GB -Memory:	512 MB RAM'),(5007,'Htc Desire 600 Black','4.5',27000,1,'htc','android','black','Name:Htc Desire 600-Screen Size:4.5-Camera:8 MP-OS:Android v4.1.2','mobiles&tablets','desire600blackp1.jpg','desire600blackp2.jpg','desire600blackp3.jpg','desire600blackp4.jpg','desire600blackp5.jpg','mobiles',25500,'5%Off','In Stock','Delivery in 3-4 Business Days','DISPLAY:- Type:	Super LCD 2 -Size:	4.5 Inches -Resolution:	qHD, 540 x 960 Pixels- CAMERA Primary Camera: Yes, 8 Megapixel- Secondary Camera:	Yes, 1.6 Megapixel -Video Recording:	Yes, 720 x 1280 -Flash:	LED -Other Camera Features:	Auto Focus, Continuous Shoot and Video Pic, HTC Image Chip, BSI Sensor- HD Recording:	HD- DIMENSIONS:- Size: 67x134.8x9.26 mm- Weight:	130 g -BATTERY:- Type: LiPolymer, 1860 mAh -Talk Time: 11 hrs (2G), 11 hrs (3G) -Standby Time: 539 hrs (2G), 577 hrs (3G)- MEMORY AND STORAGE -Internal:	8 GB -Memory:	1 GB RAM -Expandable Memory: microSD, upto 64 GB'),(6001,'BlackBerry Curve 9320 Black','2.4',15190,2,'blackberry','blackberry OS 7.1','black','Name:BlackBerry Curve 9320-Screen Size:2.4-Camera:3.15 MP-OS:BlackBerry OS 7.1','mobiles&tablets','bbcurve9320blackp1.jpg','bbcurve9320blackp2.jpg','bbcurve9320blackp3.jpg','bbcurve9320blackp4.jpg','bbcurve9320blackp5.jpg','mobiles',13500,'11%Off','In Stock','Delivery in 3-4 Business Days','DISPLAY :-Type:	TFT- Size:	2.44 Inches -Resolution:	QVGA, 240 x 320 Pixels -Colors:	65 K -CAMERA:- Primary Camera:	Yes, 3.2 Megapixel -Secondary Camera:	No- Video Recording:	Yes -Zoom:	Digital Zoom 4x- Flash:	LED -Other Camera Features:	Geotagging, Image Stabilization- DIMENSIONS:- Size:	60 x 109 x 12.7 mm -Weight:	103 g -BATTERY:- Type:	LiIon, 1450 mAh -Talktime:	7 hrs (2G) -Standby Time:	432 hrs (2G) -MEMORY AND STORAGE :-Expandable Memory Slot:	microSD, upto 32 GB -Memory:	512 MB RAM -Hot Swap Suppport:	Yes'),(6002,'BlackBerry Curve 9220 Black','2.4',11099,2,'blackberry','blackberry OS 7.1','black','Name:BlackBerry Curve 9220-Screen Size:2.4-Camera:2 MP-OS:BlackBerry OS 7.1','mobiles&tablets','bbcurve9220blackp1.jpg','bbcurve9220blackp2.jpg','bbcurve9220blackp3.jpg','bbcurve9220blackp4.jpg','bbcurve9220blackp5.jpg','mobiles',8350,'24%Off','In Stock','Delivery in 3-4 Business Days',' DISPLAY :-Type:	TFT- Size:	2.44 Inches -Resolution:	QVGA, 320 x 240 Pixels- Colors:	65 K -CAMERA:- Primary Camera:	Yes, 2 Megapixel -Flash Support:	No -Flash:	No -Video Recording:	Yes -DIMENSIONS:- Size:	60 x 109 x 12.7 mm -BATTERY Type:	LiIon- MEMORY AND STORAGE:- Expandable Memory Slot:	microSD, upto 32 GB'),(6003,'BlackBerry Curve 9360 Black','2.4',17299,2,'blackberry','blackberry OS 7.0','black','Name:BlackBerry Curve 9360-Screen Size:2.4-Camera:5 MP-OS:BlackBerry OS 7.0','mobiles&tablets','bbcurve9360blackp1.jpg','bbcurve9360blackp2.jpg','bbcurve9360blackp3.jpg','bbcurve9360blackp4.jpg','bbcurve9360blackp5.jpg','mobiles',15100,'12%Off','In Stock','Delivery in 3-4 Business Days','DISPLAY:- Type:	TFT LCD -Size:	2.44 Inches- Resolution:	HVGA, 480 x 360 Pixels -CAMERA:- Primary Camera:	Yes, 5 Megapixel -Secondary Camera:	No- Video Recording:	Yes, 640 x 480- Zoom:	Digital Zoom  4x -Flash:	LED -Other Camera Features:	Geotagging, Face Detection, Image Stabilisation, Scene Modes -DIMENSIONS:- Size:	60 x 109 x 11 mm -Weight:	99 g- BATTERY:- Type:	LiIon, 1000 mAh -Talktime:	5 hrs (2G) -Standby Time:	336 hrs (2G), 288 hrs (3G) -MEMORY AND STORAGE :-Internal:	512 MB -Included Memory Card:	2 GB -Expandable Memory Slot:	microSD, upto 32 GB -Memory:	512 MB RAM -Hot Swap Suppport:	Yes'),(6004,'BlackBerry Q10 Black','3.1',44900,1,'blackberry','blackberry OS 10','black','Name:BlackBerry Q10-Screen Size:3.1-Camera:8 MP-OS:BlackBerry OS 10','mobiles&tablets','bbq10blackp1.jpg','bbq10blackp2.jpg','bbq10blackp3.jpg','bbq10blackp4.jpg','bbq10blackp5.jpg','mobiles',43500,'3%Off','In Stock','Delivery in 3-4 Business Days','DISPLAY :-Type:	Super AMOLED -Size:	3.1 Inches -Resolution:	720 x 720 Pixels- Other Display Features:	Multitouch -CAMERA :-Primary Camera:	Yes, 8 Megapixel -Secondary Camera:	Yes, 2 Megapixel -Video Recording:	Yes, 1080 x 1920 -Zoom:	Digital Zoom  5x -Other Camera Features:	Primary Camera: Auto Focus, Sub Flush Camera Lens, Time Shift Mode- Secondary Camera: 720p -Video Recording, Digital Zoom  3x- HD Recording:	HD, Full HD -DIMENSIONS:- Size:	66.8x119.6x10.35 mm -Weight:	139 g- BATTERY :-Type:	2100 mAh -Talk Time:	13 hrs (3G) -Standby Time:	355 hrs (3G)- MEMORY AND STORAGE :-Internal:	16 GB -Memory:	2 GB RAM -Expandable Memory:	microSD, upto 32 GB'),(6005,'BlackBerry Z10 Black','4.2',42499,1,'blackberry','blackberry OS 10','black','Name:BlackBerry Z10-Screen Size:4.2-Camera:8 MP-OS:BlackBerry OS 10','mobiles&tablets','bbz10blackp1.jpg','bbz10blackp2.jpg','bbz10blackp3.jpg','bbz10blackp4.jpg','bbz10blackp5.jpg','mobiles',35900,'15%Off','In Stock','Delivery in 3-4 Business Days','DISPLAY:- Size:	4.2 Inches- Resolution:	WXGA, 1280 x 768 Pixels- Other Display Features:	Gesture Support -CAMERA:- Primary Camera:	Yes, 8 Megapixel- Secondary Camera:	Yes, 2 Megapixel -Video Recording:	Yes, 1920 x 1080- Zoom:	Digital Zoom 5x -Other Camera Features:	Auto Focus, Dedicated ISP with 64 MB Frame Buffer, Continuous and Touch to Focus, Image Stabilization, Flash Support, Time Shift Mode -HD Recording:	HD, Full HD -DIMENSIONS :-Size:	65.6x130x9 mm -BATTERY:- Type:	1800 mAh -Talk Time:	10 hrs (2G), 11 hrs (3G)- Standby Time:	397 hrs (2G), 408 hrs (3G) -MEMORY AND STORAGE :-Internal:	16 GB -Memory:	2 GB RAM -Expandable Memory:	microSD, upto 64 GB'),(6006,'BlackBerry Bold Touch 9900  Black','2.8',31999,1,'blackberry','blackberry OS 7.0','black','Name:BlackBerry Bold Touch 9900-Screen Size:2.8-Camera:5 MP-OS:BlackBerry OS 7.0','mobiles&tablets','bbboldtouch9900blackp1.jpg','bbboldtouch9900blackp2.jpg','bbboldtouch9900blackp3.jpg','bbboldtouch9900blackp4.jpg','bbboldtouch9900blackp5.jpg','mobiles',25999,'18%Off','In Stock','Delivery in 3-4 Business Days','DISPLAY -Type:	TFT LCD -Size:	2.8 Inches -Resolution:	VGA, 640 x 480 Pixels -Colors:	16 M -CAMERA:- Primary Camera:	Yes, 5 Megapixel -Secondary Camera:	No -Video Recording:	Yes, 1280 x 720 -Flash:	LED -Zoom:	Digital Zoom 4x -Other Camera Features:	Face Detection, Image Stabilization, Geotagging, Zero Shutter Lag, Multishot Mode -HD Recording:	HD -DIMENSIONS :-Size:	66 x 115 x 10.5 mm- Weight:	130 g -BATTERY:- Type:	LiIon, 1230 mAh -Talktime:	6 hrs (2G), 5 hrs (3G) -Standby Time:	307 hrs (2G), 307 hrs (3G) -MEMORY AND STORAGE :-Internal:	8 GB -Expandable Memory Slot:	microSD, upto 32 GB -Memory:	768 MB RAM'),(6007,'BlackBerry Bold Touch 9790  Black','2.4',24604,1,'blackberry','blackberry OS 7.0','black','Name:BlackBerry Bold Touch 9790-Screen Size:2.4-Camera:5 MP-OS:BlackBerry OS 7.0','mobiles&tablets','bbboldtouch9790blackp1.jpg','bbboldtouch9790blackp2.jpg','bbboldtouch9790blackp3.jpg','bbboldtouch9790blackp4.jpg','bbboldtouch9790blackp5.jpg','mobiles',20500,'11%Off','In Stock','Delivery in 3-4 Business Days','DISPLAY:- Type:	TFT- Size:	2.45 Inches- Resolution:	HVGA, 480 x 360 Pixels- Colors:	16 M- CAMERA :-Primary Camera:	Yes, 5 Megapixel -Secondary Camera:	No -Video Recording:	Yes, 640 x 480 -Zoom:	Digital Zoom 2x -Flash:	LED -Other Camera Features:	Geotagging, Face Detection, Image Stabilization, Continuous Auto Focus, Scene Modes -DIMENSIONS:- Size:	60 x 110 x 11.4 mm -Weight:	107 g -BATTERY :-Type:	LiIon- Talktime:	5 hrs (2G), 5 hrs (3G) -Standby Time:	432 hrs (2G), 408 hrs (3G)- MEMORY AND STORAGE :-Internal:	8 GB -Expandable Memory Slot:	microSD, upto 32 GB -Memory:	768 MB RAM'),(7001,'Apple iPhone 4S 16GB Black','3.5',35000,1,'apple','iOS 5','black','Name:Apple iphone 4S 16GB-Screen Size:3.5-Camera:8MP-OS:iOS 5 ','mobiles&tablets','iphone4sblackp1.jpg','iphone4sblackp2.jpg','iphone4sblackp3.jpg','iphone4sblackp4.jpg','iphone4sblackp5.jpg','mobiles',35000,'0%Off','In Stock','Delivery in 3-4 Business Days','DISPLAY:- Type: LEDbacklit IPS TFT capacitive touchscreen with Corning Gorilla Glass, oleophobic coating -Size:	3.5 inches -Resolution:	640 x 960 pixels, Retina display -Colors: 16M colors- CAMERA:- Primary Camera: 8 MP, 3264x2448 pixels -Secondary Camera:	VGA, 480p@30fps, videocalling over WiFi only -Video Recording:	HD, 1080p@30fps -Flash Support: No- Zoom: Digital Zoom -Flash:	No -Other Camera Features: Autofocus, LED flash, Touch focus, geotagging, face detection, HDR, video stabilization Flash LED- DIMENSIONS :-Size:	115.2 x 58.6 x 9.3 mm -Weight:	137 g- BATTERY :-Type:	Standard battery, LiPo 1432 mAh -Talktime:	14 hrs (2G) / 8 hrs (3G) -Standby Time: 200 hrs (2G) / 200 hrs (3G) -MEMORY AND STORAGE :-Internal:	16 GB -Expandable Memory Slot:	No'),(7002,'Apple iPhone 5 16GB White','4',43100,1,'apple','iOS 6','white','Name:Apple iphone 5 16GB-Screen Size:4-Camera:8MP-OS:iOS 6','mobiles&tablets','iphone5whitep1.jpg','iphone5whitep2.jpg','iphone5whitep3.jpg','iphone5whitep4.jpg','iphone5whitep5.jpg','mobiles',43100,'0%Off','In Stock','Delivery in 3-4 Business Days','MEMORY & STORAGE:- Expandable Memory:	No -Internal:	16 GB- SOFTWARE:- OS Version	:iOS 6, upgradable to iOS 6.1.3 -Processor: Apple A6 Dualcore 1.2 GHz -RAM	:1 GB Sensors Accelerometer, gyro, proximity, compass- Java:	No -Operating Freq :1.2 GHz- SOUND :-Loudspeaker	:Yes -3.5mm jack	:Yes- Alert types: Vibration, proprietary ringtones -TECHNICAL SPECIFICATIONS :-In Sales Package: Handset, Battery, Apple Earpods with Remote and Mic, Lightning to USB Cable , USB Power Adapter, User Manual- DISPLAY:- Multitouch:	Yes -Size	: 4inch -Type :Capacitive- CAMERA:- MegaPixel:	8 -Type:	Mega Pixels -HD Recording :Yes- Flash:	LED Flash- Other Camera Features: Simultaneous HD video and image recording, touch focus, geotagging, face detection, panorama, HDR, autofocus- DIMENSIONS:- Size:	123.8 x 58.6 x 7.6 mm -Weight :112 g -BATTERY:- Type :Nonremovable LiPo 1440 mAh battery (5.45 Wh) -Talk Time	:Up to 8 h (2G) / Up to 8 h (3G)- Standby Time	Up to 225 h (2G) / Up to 225 h (3G)'),(7003,'Apple iPhone 4S 16GB White','3.5',35000,1,'apple','iOS 5','white','Name:Apple iphone 4S 16GB-Screen Size:3.5-Camera:8MP-OS:iOS 5 ','mobiles&tablets','iphone4swhitep1.jpg','iphone4swhitep2.jpg','iphone4swhitep3.jpg','iphone4swhitep4.jpg','iphone4swhitep5.jpg','mobiles',35000,'0%Off','In Stock','Delivery in 3-4 Business Days','DISPLAY:- Type: LEDbacklit IPS TFT capacitive touchscreen with Corning Gorilla Glass, oleophobic coating -Size:	3.5 inches -Resolution:	640 x 960 pixels, Retina display -Colors: 16M colors- CAMERA:- Primary Camera: 8 MP, 3264x2448 pixels -Secondary Camera:	VGA, 480p@30fps, videocalling over WiFi only -Video Recording:	HD, 1080p@30fps -Flash Support: No- Zoom: Digital Zoom -Flash:	No -Other Camera Features: Autofocus, LED flash, Touch focus, geotagging, face detection, HDR, video stabilization Flash LED- DIMENSIONS :-Size:	115.2 x 58.6 x 9.3 mm -Weight:	137 g- BATTERY :-Type:	Standard battery, LiPo 1432 mAh -Talktime:	14 hrs (2G) / 8 hrs (3G) -Standby Time: 200 hrs (2G) / 200 hrs (3G) -MEMORY AND STORAGE :-Internal:	16 GB -Expandable Memory Slot:	No'),(7004,'Apple iPhone 5 16GB Black','4',43100,1,'apple','iOS 6','black','Name:Apple iphone 5 16GB-Screen Size:4-Camera:8MP-OS:iOS 6','mobiles&tablets','iphone5blackp1.jpg','iphone5blackp2.jpg','iphone5blackp3.jpg','iphone5blackp4.jpg','iphone5blackp5.jpg','mobiles',43100,'0%Off','In Stock','Delivery in 3-4 Business Days','MEMORY & STORAGE:- Expandable Memory:	No -Internal:	16 GB- SOFTWARE:- OS Version	:iOS 6, upgradable to iOS 6.1.3 -Processor: Apple A6 Dualcore 1.2 GHz -RAM	:1 GB Sensors Accelerometer, gyro, proximity, compass- Java:	No -Operating Freq :1.2 GHz- SOUND :-Loudspeaker	:Yes -3.5mm jack	:Yes- Alert types: Vibration, proprietary ringtones -TECHNICAL SPECIFICATIONS :-In Sales Package: Handset, Battery, Apple Earpods with Remote and Mic, Lightning to USB Cable , USB Power Adapter, User Manual- DISPLAY:- Multitouch:	Yes -Size	: 4inch -Type :Capacitive- CAMERA:- MegaPixel:	8 -Type:	Mega Pixels -HD Recording :Yes- Flash:	LED Flash- Other Camera Features: Simultaneous HD video and image recording, touch focus, geotagging, face detection, panorama, HDR, autofocus- DIMENSIONS:- Size:	123.8 x 58.6 x 7.6 mm -Weight :112 g -BATTERY:- Type :Nonremovable LiPo 1440 mAh battery (5.45 Wh) -Talk Time	:Up to 8 h (2G) / Up to 8 h (3G)- Standby Time	Up to 225 h (2G) / Up to 225 h (3G)'),(8001,'Samsung Tab3 T211 White','7',17745,1,'samsung','android','white','Name:Samsung Tab3 T211-Screen Size:7-Camera:3MP-OS:Android v4.1','mobiles&tablets','tab3t211whitep1.jpg','tab3t211whitep2.jpg','tab3t211whitep3.jpg','tab3t211whitep4.jpg','tab3t211whitep5.jpg','tablets',16999,'4%Off','In Stock','Delivery in 3-4 Business Days','BATTERY:- Play Time:	108 hrs (Music Player) -Talk Time:	8 hrs (2G) -Battery Type: 4000 mAh Lithium Ion- BUSINESS FEATURES:- Mail Features:	Email, Pushmail- Document Support: Document Viewer, Document Editor- Other Business features:	Quick Office HD -CAMERA :-Primary Camera:	3 megapixels -Video Recording:	Yes , HD Recording at 720 x 1280 (30 fps) -Secondary Camera:	1.2 megapixels -Other Camera Features: Auto Focus, Geotagging- CONNECTIVITY:- USB:	Yes, USB 2.0 Bluetooth:	v3, Supported Profiles(A2DP) -Audio Jack:	3.5 mm Headphone Jack- Other Connectivity Features:	WiFi Hotspot, WiFi Direct, DLNA Support, Infrared Port -DIMENSIONS:- Weight:	306 g- Dimensions:	188 x 111.1 x 9.9 mm -DISPLAY :-Display Type:	7 inch TFT Capacitive Touchscreen with 1024 x 600 pixels ,16 M Colors -Other Display Features: Multitouch'),(8002,'Samsung Tab3 T311 White','8',25725,1,'samsung','android','white','Name:Samsung Tab3 T311-Screen Size:8-Camera:5MP-OS:Android v4.2','mobiles&tablets','tab3t311whitep1.jpg','tab3t311whitep2.jpg','tab3t311whitep3.jpg','tab3t311whitep4.jpg','tab3t311whitep5.jpg','tablets',24599,'4%Off','In Stock','Delivery in 3-4 Business Days','BATTERY :-Play Time:	96 hrs (Music Player) -Talk Time:	11 hrs -Battery Type:	4450 mAh Lithium  Ion -BUSINESS FEATURES :-Mail Features:	Email, Pushmail- Document Support:	Document Viewer- CAMERA :-Flash Support:	LED -Primary Camera:	5 megapixels- Video Recording:	Yes , HD Recording at 720 x 1280 (30 fps) -Secondary Camera:	1.9 megapixels- Other Camera Features:	Auto Focus, Geotagging, Touch Focus, Face Detection- CONNECTIVITY :-USB:	Yes, Micro USB 2.0 Bluetooth:	v4, Supported Profiles(A2DP)- Audio Jack:	3.5 mm Headphone Jack- Other Connectivity Features:	WiFi Hotspot, WiFi Direct, DLNA Support, Infrared Port, USB Host -DIMENSIONS:- Weight:	305 g -Dimensions:	209.8 x 123.8 x 7.4 mm- DISPLAY:- Display Type:	8 inch TFT Capacitive Touchscreen with 1280 x 768 pixels ,16 M Colors -Other Display Features:	Multitouch'),(9001,'Apple iPad Mini 16GB Wifi+Cellular White','7.9',28950,1,'apple','iOS 6','white','Name:Apple iPad Mini 16GB Wifi+Cellular-Screen Size:7.9-Camera:5 MP-OS:iOS 6 ','mobiles&tablets','ipadminiw+c16gbwhitep1.jpg','ipadminiw+c16gbwhitep2.jpg','ipadminiw+c16gbwhitep3.jpg','ipadminiw+c16gbwhitep4.jpg','ipadminiw+c16gbwhitep5.jpg','tablets',28950,'0%Off','In Stock','Delivery in 3-4 Business Days','BATTERY :-Play Time:	10 hrs- Battery Type:	16.3 Watt Lithium Polymer -Internet Browsing Time:	10 hrs (WiFi), 9 hrs (Mobile Data Network)- BUSINESS FEATURES:- Mail Features:	Email Document -Support:	Document Viewer -Other Business features:	MS Office Documents, Adobe Acrobat -Cloud Computing Support:	Yes -CAMERA :-Primary Camera:	5 megapixels -Video Recording:	Yes , Full HD Recording at 1080 x 1920 (30 fps) -Secondary Camera:	1.2 megapixels -Other Camera Features:	Face Detection, Backside Illumination, FaceTime- HD Camera: 720p HD Video, FaceTime Video Calling Over WiFi, iSight -Camera: Auto Focus, Five Element Lens, Hybrid IR Filter, F/2.4 Aperture, Tap to Focus Video or Still Images, Video Recording: Video Stabilisation, Tap to Focus while Recording -CONNECTIVITY:- Bluetooth:	v4 Audio Jack:	3.5 mm Headphone Jack and Yes Microphone Jack -Other Connectivity Features:	Builtin Speakers, Lightning Connector, NanoSIM Card Tray (Only for Browsing), Mobile data -DIMENSIONS:- Weight:	312 g -Dimensions:	134.7 x 200 x 7.2 mm -DISPLAY:- Display Type:	7.9 inch LCD Assistive Touchscreen with 1024 x 768 pixels -Other Display Features:	LED Backlit Multitouch Display with IPS Technology, Fingerprintresistant Oleophobic Coating'),(9002,'Apple iPad Mini 32GB Wifi+Cellular White','7.9',34750,1,'apple','iOS 6','white','Name:Apple iPad Mini 32GB Wifi+Cellular-Screen Size:7.9-Camera:5 MP-OS:iOS 6 ','mobiles&tablets','ipadminiw+c32gbwhitep1.jpg','ipadminiw+c32gbwhitep2.jpg','ipadminiw+c32gbwhitep3.jpg','ipadminiw+c32gbwhitep4.jpg','ipadminiw+c32gbwhitep5.jpg','tablets',34750,'0%Off','In Stock','Delivery in 3-4 Business Days','BATTERY:- Play Time:	10 hrs- Battery Type:	16.3 Watt Lithium Polymer- Internet Browsing Time:	10 hrs (WiFi), 9 hrs (Mobile Data Network)- BUSINESS FEATURES:- Mail Features:	Email- Document Support:	Document Viewer- Other Business features:	MS Office Documents, Adobe Acrobat- Cloud Computing Support:	Yes- CAMERA:- Primary Camera:	5 megapixels- Video Recording:	Yes , Full HD Recording at 1080 x 1920 (30 fps)- Secondary Camera:	1.2 megapixels- Other Camera Features:	Face Detection, Backside Illumination, FaceTime HD Camera: 720p HD Video, FaceTime Video Calling Over WiFi, iSight Camera: Auto Focus, Five Element Lens, Hybrid IR Filter, F/2.4 Aperture, Tap to Focus Video or Still Images, Video Recording: Video Stabilisation, Tap to Focus while Recording- CONNECTIVITY:- Bluetooth:	v4- Audio Jack:	3.5 mm Headphone Jack and Yes Microphone Jack:- Other Connectivity Features:	Builtin Speakers, Lightning Connector, NanoSIM Card Tray (Only for Browsing), Mobile data- DIMENSIONS:- Weight:	312 g- Dimensions:	134.7 x 200 x 7.2 mm- DISPLAY:- Display Type:	7.9 inch LCD Assistive Touchscreen with 1024 x 768 pixels- Other Display Features:	LED Backlit Multitouch Display with IPS Technology, Fingerprintresistant Oleophobic Coating'),(9003,'Apple iPad Mini 64GB Wifi+Cellular White','7.9',41699,1,'apple','iOS 6','white','Name:Apple iPad Mini 64GB Wifi+Cellular-Screen Size:7.9-Camera:5 MP-OS:iOS 6 ','mobiles&tablets','ipadminiw+c64gbwhitep1.jpg','ipadminiw+c64gbwhitep2.jpg','ipadminiw+c64gbwhitep4.jpg','ipadminiw+c64gbwhitep3.jpg','ipadminiw+c64gbwhitep5.jpg','tablets',41699,'0%Off','In Stock','Delivery in 3-4 Business Days','BATTERY :-Play Time:	10 hrs -Battery Type:	16.3 Watt Lithium Polymer Internet- Browsing Time:	10 hrs (WiFi), 9 hrs (Mobile Data Network) -BUSINESS FEATURES:- Mail Features:	Email -Document Support:	Document Viewer -Other Business features:	MS Office Documents, Adobe Acrobat -Cloud Computing Support:	Yes- CAMERA:- Primary Camera:	5 megapixels -Video Recording:	Yes , Full HD Recording at 1080 x 1920 (30 fps) -Secondary Camera:	1.2 megapixels -Other Camera Features:	Face Detection, Backside Illumination, FaceTime -HD Camera: 720p HD Video, FaceTime Video Calling Over WiFi, iSight -Camera: Auto Focus, Five Element Lens, Hybrid IR Filter, F/2.4 Aperture, Tap to Focus Video or Still Images, Video Recording: Video Stabilisation, Tap to Focus while Recording -CONNECTIVITY :-Bluetooth:	v4 -Audio Jack:	3.5 mm Headphone Jack and Yes Microphone Jack -Other Connectivity Features:	Builtin Speakers, Lightning Connector, NanoSIM Card Tray (Only for Browsing), Mobile data -DIMENSIONS:- Weight:	312 g Dimensions:	134.7 x 200 x 7.2 mm -DISPLAY:- Display Type:	7.9 inch LCD Assistive Touchscreen with 1024 x 768 pixels -Other Display Features:	LED Backlit Multitouch Display with IPS Technology, Fingerprintresistant Oleophobic Coating'),(9004,'Apple iPad 16GB with Retina Display and Wifi Cellular White (4 th Genertion)','9.7',38500,1,'apple','iOS 6','white','Name:Apple iPad Retina Display 16GB Wifi+Cellular-Screen Size:9.7-Camera:5 MP-OS:iOS 6 ','mobiles&tablets','ipadrdw+c16gbwhitep1.jpg','ipadrdw+c16gbwhitep2.jpg','ipadrdw+c16gbwhitep3.jpg','ipadrdw+c16gbwhitep4.jpg','ipadrdw+c16gbwhitep5.jpg','tablets',38500,'0%Off','In Stock','Delivery in 3-4 Business Days','BATTERY:- Play Time:	10 hrs -Battery Type:	42.5 Watt Lithium  Polymer -Internet Browsing Time:	Upto 10 hrs (On WiFi), Upto 9 hrs (On Mobile Data Network)- BUSINESS FEATURES :-Mail Features:	Email -Document Support:	Document Viewer -Other Business features:	iBook, FaceTime, Newsstand, App Store, iTunes, Game Center, Documents Supported: .jpg, .tiff, .gif, .doc, .docx, .htm, .html, .key, .numbers, .pages, .pdf, .ppt, .pptx, .txt, .rtf, .vcf, .xls, .xlsx- Cloud Computing Support:	Yes -CAMERA :-Primary Camera:	5 megapixels -Video Recording:	Yes , Full HD Recording at 1080 x 1920 -Secondary Camera:	1.2 megapixels -Other Camera Features:	Primary Camera: 5MP iSight Camera with 1080p HD Video Recording- Secondary Camera: 1.2MP FaceTime HD Camera, Face Detection, Backside Illumination, Tap to Control Exposure for Video or Still Images, Photo and Video Geotagging, FaceTime Video Calling over WiFi, iSight Camera: Autofocus, Five Element Lens, Tap to Focus Video or Still Images, Hybrid IR filter, F/2.4 Aperture- Video Recording: Tap to Focus While Recording, Video Stabilisation- CONNECTIVITY:- Bluetooth:	v4 -Audio Jack:	3.5 mm Headphone Jack and Yes Microphone Jack- Other Connectivity Features:	Lightning Connector, Charging via Power Adapter or USB to Computer System -DIMENSIONS Weight:	662 g Dimensions:	185.7 x 241.2 x 9.4 mm- DISPLAY:- Display Type:	9.7 inch LCD Assistive Touchscreen with 2048 x 1536 pixels -Other Display Features:	Retina Display, LED Backlit, Multitouch Display with IPS Technology, Fingerprint Resistant Oleophobic Coating, Quad Core Graphics'),(9005,'Apple iPad 32GB with Retina Display and Wifi Cellular White (4 th Genertion)','9.7',46100,1,'apple','iOS 6','white','Name:Apple iPad Retina Display 32GB Wifi+Cellular-Screen Size:9.7-Camera:5 MP-OS:iOS 6 ','mobiles&tablets','ipadrdw+c32gbwhitep1.jpg','ipadrdw+c32gbwhitep2.jpg','ipadrdw+c32gbwhitep3.jpg','ipadrdw+c32gbwhitep4.jpg','ipadrdw+c32gbwhitep5.jpg','tablets',46100,'0%Off','In Stock','Delivery in 3-4 Business Days','BATTERY:- Play Time:	10 hrs- Battery Type:	Lithium  Polymer- Internet Browsing Time:	Upto 10 hrs (On WiFi), Upto 9 hrs (On Mobile Data Network)- BUSINESS FEATURES:- Mail Features:	Email- Document Support:	Document Viewer- Other Business features:	App Store, Newsstand, Viewable Document Types: .jpg, .tiff, .gif (images); .doc and .docx (Microsoft Word); .htm and .html (web pages); .key (Keynote); .numbers (Numbers); .pages (Pages); .pdf (Preview and Adobe Acrobat); .ppt and .pptx (Microsoft PowerPo- Cloud Computing Support:	Yes- CAMERA:- Primary Camera:	5 megapixels- Video Recording:	Yes , Full HD Recording at 1080 x 1920 (30 fps)- Secondary Camera:	1.2 megapixels- Other Camera Features:	FaceTime Camera: VGA Photos and Video, iSight Camera: Auto Focus, Backside Illumination, Face Detection, 1080p HD Video Recording, Video Stabilization.- CONNECTIVITY:- Bluetooth:	v4- Audio Jack:	3.5 mm Headphone Jack- Other Connectivity Features:	Video Calling through FaceTime Application over WiFi or Mobile Network, Microphone, Inbuilt Speaker, 30pin Connector- DIMENSIONS:- Weight:	662 g- Dimensions:	185.7 x 241.2 x 9.4 mm- DISPLAY:- Display Type:	9.7 inch LCD Assistive Touchscreen with 2048 x 1536 pixels- Other Display Features:	Retina Display, LED Backlit MultiTouch Display with IPS Technology, 264 Pixels per Inch (ppi), Fingerprintresistant Oleophobic Coating Over the Display'),(9006,'Apple iPad 64GB with Retina Display and Wifi Cellular White (4 th Genertion)','9.7',51300,1,'apple','iOS 6','white','Name:Apple iPad Retina Display 64GB Wifi+Cellular-Screen Size:9.7-Camera:5 MP-OS:iOS 6 ','mobiles&tablets','ipadrdw+c64gbwhitep1.jpg','ipadrdw+c64gbwhitep2.jpg','ipadrdw+c64gbwhitep3.jpg','ipadrdw+c64gbwhitep4.jpg','ipadrdw+c64gbwhitep5.jpg','tablets',51300,'0%Off','In Stock','Delivery in 3-4 Business Days','  BATTERY:- Play Time:	10 hrs- Battery Type:	42.5 Watt Lithium Polymer- Internet Browsing Time:	Upto 10 hrs (On WiFi), Upto 9 hrs (On Mobile Data Network)- BUSINESS FEATURES:- Mail Features:	Email- Document Support:	Document Viewer- Other Business features:	iBook, FaceTime, Newsstand, App Store, iTunes, Game Center, Documents Supported: .jpg, .tiff, .gif, .doc, .docx, .htm, .html, .key, .numbers, .pages, .pdf, .ppt, .pptx, .txt, .rtf, .vcf, .xls, .xlsx- Cloud Computing Support:	Yes- CAMERA:- Primary Camera:	5 megapixels- Video Recording:	Yes , Full HD Recording at 1080 x 1920- Secondary Camera:	1.2 megapixels- Other Camera Features:	Primary Camera 5MP iSight Camera with 1080p HD Video Recording, Secondary Camera 1.2MP FaceTime HD Camera, Face Detection, Backside Illumination, Tap to Control Exposure for Video or Still Images, Photo and Video Geotagging, FaceTime Video Calling over WiFi, iSight Camera: Autofocus, Five Element Lens, Tap to Focus Video or Still Images, Hybrid IR filter, F/2.4 Aperture, Video Recording: Tap to Focus While Recording, Video Stabilisation CONNECTIVITY:- Bluetooth:	v4- Audio Jack:	3.5 mm Headphone Jack and Yes Microphone Jack- Other Connectivity Features:	Lightning Connector, Charging via Power Adapter or USB to Computer System- DIMENSIONS:- Weight:	662 g- Dimensions:	185.7 x 241.2 x 9.4 mm- DISPLAY:- Display Type:	9.7 inch LCD Assistive Touchscreen with 2048 x 1536 pixels- Other Display Features:	Retina Display, LED Backlit, Multitouch Display with IPS Technology, Fingerprint Resistant Oleophobic Coating, Quad Core Graphics'),(9007,'Apple iPad Mini 16GB Wifi+Cellular Black','7.9',28950,1,'apple','iOS 6','black','Name:Apple iPad Mini 16GB Wifi+Cellular-Screen Size:7.9-Camera:5 MP-OS:iOS 6 ','mobiles&tablets','ipadminiw+c16gbblackp1.jpg','ipadminiw+c16gbblackp2.jpg','ipadminiw+c16gbblackp3.jpg','ipadminiw+c16gbblackp4.jpg','ipadminiw+c16gbblackp5.jpg','tablets',28950,'0%Off','In Stock','Delivery in 3-4 Business Days','BATTERY :-Play Time:	10 hrs- Battery Type:	16.3 Watt Lithium Polymer -Internet Browsing Time:	10 hrs (WiFi), 9 hrs (Mobile Data Network)- BUSINESS FEATURES:- Mail Features:	Email Document -Support:	Document Viewer -Other Business features:	MS Office Documents, Adobe Acrobat -Cloud Computing Support:	Yes -CAMERA :-Primary Camera:	5 megapixels -Video Recording:	Yes , Full HD Recording at 1080 x 1920 (30 fps) -Secondary Camera:	1.2 megapixels -Other Camera Features:	Face Detection, Backside Illumination, FaceTime- HD Camera: 720p HD Video, FaceTime Video Calling Over WiFi, iSight -Camera: Auto Focus, Five Element Lens, Hybrid IR Filter, F/2.4 Aperture, Tap to Focus Video or Still Images, Video Recording: Video Stabilisation, Tap to Focus while Recording -CONNECTIVITY:- Bluetooth:	v4 Audio Jack:	3.5 mm Headphone Jack and Yes Microphone Jack -Other Connectivity Features:	Builtin Speakers, Lightning Connector, NanoSIM Card Tray (Only for Browsing), Mobile data -DIMENSIONS:- Weight:	312 g -Dimensions:	134.7 x 200 x 7.2 mm -DISPLAY:- Display Type:	7.9 inch LCD Assistive Touchscreen with 1024 x 768 pixels -Other Display Features:	LED Backlit Multitouch Display with IPS Technology, Fingerprintresistant Oleophobic Coating'),(9008,'Apple iPad Mini 32GB Wifi+Cellular Black','7.9',34750,1,'apple','iOS 6','black','Name:Apple iPad Mini 32GB Wifi+Cellular-Screen Size:7.9-Camera:5 MP-OS:iOS 6 ','mobiles&tablets','ipadminiw+c32gbblackp1.jpg','ipadminiw+c32gbblackp2.jpg','ipadminiw+c32gbblackp3.jpg','ipadminiw+c32gbblackp4.jpg','ipadminiw+c32gbblackp5.jpg','tablets',34750,'0%Off','In Stock','Delivery in 3-4 Business Days','BATTERY:- Play Time:	10 hrs- Battery Type:	16.3 Watt Lithium Polymer- Internet Browsing Time:	10 hrs (WiFi), 9 hrs (Mobile Data Network)- BUSINESS FEATURES:- Mail Features:	Email- Document Support:	Document Viewer- Other Business features:	MS Office Documents, Adobe Acrobat- Cloud Computing Support:	Yes- CAMERA:- Primary Camera:	5 megapixels- Video Recording:	Yes , Full HD Recording at 1080 x 1920 (30 fps)- Secondary Camera:	1.2 megapixels- Other Camera Features:	Face Detection, Backside Illumination, FaceTime HD Camera: 720p HD Video, FaceTime Video Calling Over WiFi, iSight Camera: Auto Focus, Five Element Lens, Hybrid IR Filter, F/2.4 Aperture, Tap to Focus Video or Still Images, Video Recording: Video Stabilisation, Tap to Focus while Recording- CONNECTIVITY:- Bluetooth:	v4- Audio Jack:	3.5 mm Headphone Jack and Yes Microphone Jack:- Other Connectivity Features:	Builtin Speakers, Lightning Connector, NanoSIM Card Tray (Only for Browsing), Mobile data- DIMENSIONS:- Weight:	312 g- Dimensions:	134.7 x 200 x 7.2 mm- DISPLAY:- Display Type:	7.9 inch LCD Assistive Touchscreen with 1024 x 768 pixels- Other Display Features:	LED Backlit Multitouch Display with IPS Technology, Fingerprintresistant Oleophobic Coating'),(9009,'Apple iPad Mini 64GB Wifi+Cellular Black','7.9',41699,1,'apple','iOS 6','black','Name:Apple iPad Mini 64GB Wifi+Cellular-Screen Size:7.9-Camera:5 MP-OS:iOS 6 ','mobiles&tablets','ipadminiw+c64gbblackp1.jpg','ipadminiw+c64gbblackp2.jpg','ipadminiw+c64gbblackp3.jpg','ipadminiw+c64gbblackp4.jpg','ipadminiw+c64gbblackp5.jpg','tablets',41699,'0%Off','In Stock','Delivery in 3-4 Business Days','BATTERY :-Play Time:	10 hrs -Battery Type:	16.3 Watt Lithium Polymer Internet- Browsing Time:	10 hrs (WiFi), 9 hrs (Mobile Data Network) -BUSINESS FEATURES:- Mail Features:	Email -Document Support:	Document Viewer -Other Business features:	MS Office Documents, Adobe Acrobat -Cloud Computing Support:	Yes- CAMERA:- Primary Camera:	5 megapixels -Video Recording:	Yes , Full HD Recording at 1080 x 1920 (30 fps) -Secondary Camera:	1.2 megapixels -Other Camera Features:	Face Detection, Backside Illumination, FaceTime -HD Camera: 720p HD Video, FaceTime Video Calling Over WiFi, iSight -Camera: Auto Focus, Five Element Lens, Hybrid IR Filter, F/2.4 Aperture, Tap to Focus Video or Still Images, Video Recording: Video Stabilisation, Tap to Focus while Recording -CONNECTIVITY :-Bluetooth:	v4 -Audio Jack:	3.5 mm Headphone Jack and Yes Microphone Jack -Other Connectivity Features:	Builtin Speakers, Lightning Connector, NanoSIM Card Tray (Only for Browsing), Mobile data -DIMENSIONS:- Weight:	312 g Dimensions:	134.7 x 200 x 7.2 mm -DISPLAY:- Display Type:	7.9 inch LCD Assistive Touchscreen with 1024 x 768 pixels -Other Display Features:	LED Backlit Multitouch Display with IPS Technology, Fingerprintresistant Oleophobic Coating'),(9010,'Apple iPad 16GB with Retina Display and Wifi Cellular Black (4 th Genertion)','9.7',38500,1,'apple','iOS 6','black','Name:Apple iPad Retina Display 16GB Wifi+Cellular-Screen Size:9.7-Camera:5 MP-OS:iOS 6 ','mobiles&tablets','ipadrdw+c16gbblackp1.jpg','ipadrdw+c16gbblackp2.jpg','ipadrdw+c16gbblackp3.jpg','ipadrdw+c16gbblackp4.jpg','ipadrdw+c16gbblackp5.jpg','tablets',38500,'0%Off','In Stock','Delivery in 3-4 Business Days','BATTERY:- Play Time:	10 hrs -Battery Type:	42.5 Watt Lithium  Polymer -Internet Browsing Time:	Upto 10 hrs (On WiFi), Upto 9 hrs (On Mobile Data Network)- BUSINESS FEATURES :-Mail Features:	Email -Document Support:	Document Viewer -Other Business features:	iBook, FaceTime, Newsstand, App Store, iTunes, Game Center, Documents Supported: .jpg, .tiff, .gif, .doc, .docx, .htm, .html, .key, .numbers, .pages, .pdf, .ppt, .pptx, .txt, .rtf, .vcf, .xls, .xlsx- Cloud Computing Support:	Yes -CAMERA :-Primary Camera:	5 megapixels -Video Recording:	Yes , Full HD Recording at 1080 x 1920 -Secondary Camera:	1.2 megapixels -Other Camera Features:	Primary Camera: 5MP iSight Camera with 1080p HD Video Recording- Secondary Camera: 1.2MP FaceTime HD Camera, Face Detection, Backside Illumination, Tap to Control Exposure for Video or Still Images, Photo and Video Geotagging, FaceTime Video Calling over WiFi, iSight Camera: Autofocus, Five Element Lens, Tap to Focus Video or Still Images, Hybrid IR filter, F/2.4 Aperture- Video Recording: Tap to Focus While Recording, Video Stabilisation- CONNECTIVITY:- Bluetooth:	v4 -Audio Jack:	3.5 mm Headphone Jack and Yes Microphone Jack- Other Connectivity Features:	Lightning Connector, Charging via Power Adapter or USB to Computer System -DIMENSIONS Weight:	662 g Dimensions:	185.7 x 241.2 x 9.4 mm- DISPLAY:- Display Type:	9.7 inch LCD Assistive Touchscreen with 2048 x 1536 pixels -Other Display Features:	Retina Display, LED Backlit, Multitouch Display with IPS Technology, Fingerprint Resistant Oleophobic Coating, Quad Core Graphics'),(9011,'Apple iPad 32GB with Retina Display and Wifi Cellular Black (4 th Genertion)','9.7',46100,1,'apple','iOS 6','black','Name:Apple iPad Retina Display 32GB Wifi+Cellular-Screen Size:9.7-Camera:5 MP-OS:iOS 6 ','mobiles&tablets','ipadrdw+c32gbblackp1.jpg','ipadrdw+c32gbblackp2.jpg','ipadrdw+c32gbblackp3.jpg','ipadrdw+c32gbblackp4.jpg','ipadrdw+c32gbblackp5.jpg','tablets',46100,'0%Off','In Stock','Delivery in 3-4 Business Days','BATTERY:- Play Time:	10 hrs- Battery Type:	Lithium  Polymer- Internet Browsing Time:	Upto 10 hrs (On WiFi), Upto 9 hrs (On Mobile Data Network)- BUSINESS FEATURES:- Mail Features:	Email- Document Support:	Document Viewer- Other Business features:	App Store, Newsstand, Viewable Document Types: .jpg, .tiff, .gif (images); .doc and .docx (Microsoft Word); .htm and .html (web pages); .key (Keynote); .numbers (Numbers); .pages (Pages); .pdf (Preview and Adobe Acrobat); .ppt and .pptx (Microsoft PowerPo- Cloud Computing Support:	Yes- CAMERA:- Primary Camera:	5 megapixels- Video Recording:	Yes , Full HD Recording at 1080 x 1920 (30 fps)- Secondary Camera:	1.2 megapixels- Other Camera Features:	FaceTime Camera: VGA Photos and Video, iSight Camera: Auto Focus, Backside Illumination, Face Detection, 1080p HD Video Recording, Video Stabilization.- CONNECTIVITY:- Bluetooth:	v4- Audio Jack:	3.5 mm Headphone Jack- Other Connectivity Features:	Video Calling through FaceTime Application over WiFi or Mobile Network, Microphone, Inbuilt Speaker, 30pin Connector- DIMENSIONS:- Weight:	662 g- Dimensions:	185.7 x 241.2 x 9.4 mm- DISPLAY:- Display Type:	9.7 inch LCD Assistive Touchscreen with 2048 x 1536 pixels- Other Display Features:	Retina Display, LED Backlit MultiTouch Display with IPS Technology, 264 Pixels per Inch (ppi), Fingerprintresistant Oleophobic Coating Over the Display'),(9012,'Apple iPad 64GB with Retina Display and Wifi Cellular Black (4 th Genertion)','9.7',51300,1,'apple','iOS 6','black','Name:Apple iPad Retina Display 64GB Wifi+Cellular-Screen Size:9.7-Camera:5 MP-OS:iOS 6 ','mobiles&tablets','ipadrdw+c64gbblackp1.jpg','ipadrdw+c64gbblackp2.jpg','ipadrdw+c64gbblackp3.jpg','ipadrdw+c64gbblackp4.jpg','ipadrdw+c64gbblackp5.jpg','tablets',51300,'0%Off','In Stock','Delivery in 3-4 Business Days','  BATTERY:- Play Time:	10 hrs- Battery Type:	42.5 Watt Lithium Polymer- Internet Browsing Time:	Upto 10 hrs (On WiFi), Upto 9 hrs (On Mobile Data Network)- BUSINESS FEATURES:- Mail Features:	Email- Document Support:	Document Viewer- Other Business features:	iBook, FaceTime, Newsstand, App Store, iTunes, Game Center, Documents Supported: .jpg, .tiff, .gif, .doc, .docx, .htm, .html, .key, .numbers, .pages, .pdf, .ppt, .pptx, .txt, .rtf, .vcf, .xls, .xlsx- Cloud Computing Support:	Yes- CAMERA:- Primary Camera:	5 megapixels- Video Recording:	Yes , Full HD Recording at 1080 x 1920- Secondary Camera:	1.2 megapixels- Other Camera Features:	Primary Camera 5MP iSight Camera with 1080p HD Video Recording, Secondary Camera 1.2MP FaceTime HD Camera, Face Detection, Backside Illumination, Tap to Control Exposure for Video or Still Images, Photo and Video Geotagging, FaceTime Video Calling over WiFi, iSight Camera: Autofocus, Five Element Lens, Tap to Focus Video or Still Images, Hybrid IR filter, F/2.4 Aperture, Video Recording: Tap to Focus While Recording, Video Stabilisation CONNECTIVITY:- Bluetooth:	v4- Audio Jack:	3.5 mm Headphone Jack and Yes Microphone Jack- Other Connectivity Features:	Lightning Connector, Charging via Power Adapter or USB to Computer System- DIMENSIONS:- Weight:	662 g- Dimensions:	185.7 x 241.2 x 9.4 mm- DISPLAY:- Display Type:	9.7 inch LCD Assistive Touchscreen with 2048 x 1536 pixels- Other Display Features:	Retina Display, LED Backlit, Multitouch Display with IPS Technology, Fingerprint Resistant Oleophobic Coating, Quad Core Graphics');
/*!40000 ALTER TABLE `products` ENABLE KEYS */;
UNLOCK TABLES;

--
-- Table structure for table `query`
--

DROP TABLE IF EXISTS `query`;
/*!40101 SET @saved_cs_client     = @@character_set_client */;
/*!40101 SET character_set_client = utf8 */;
CREATE TABLE `query` (
  `username` varchar(100) DEFAULT NULL,
  `emailid` varchar(50) DEFAULT NULL,
  `category` varchar(30) DEFAULT NULL,
  `query` varchar(500) DEFAULT NULL
) ENGINE=InnoDB DEFAULT CHARSET=latin1;
/*!40101 SET character_set_client = @saved_cs_client */;

--
-- Dumping data for table `query`
--

LOCK TABLES `query` WRITE;
/*!40000 ALTER TABLE `query` DISABLE KEYS */;
INSERT INTO `query` VALUES ('Amit Rajula','amit.rajula@gmail.com','Order','qqq'),('Amit Rajula','amit.rajula@gmail.com','coupons','sfddddd gfsdg fdg f dfg fdg dfg df df dfg dfgfdgfd df ffffffffffffffffffffffffffffffffffffffffffffffffffff   '),('Amit Rajula','amit.rajula@gmail.com','returns','sdsd'),('Amit Rajula','amit.rajula@gmail.com','coupons','qqq'),('Amit Rajula','amit.rajula@gmail.com','delivery','qweqweqwe'),('Amit Rajula','amit.rajula@gmail.com','refund','sdsd');
/*!40000 ALTER TABLE `query` ENABLE KEYS */;
UNLOCK TABLES;

--
-- Table structure for table `returns`
--

DROP TABLE IF EXISTS `returns`;
/*!40101 SET @saved_cs_client     = @@character_set_client */;
/*!40101 SET character_set_client = utf8 */;
CREATE TABLE `returns` (
  `pid` int(11) DEFAULT NULL,
  `pname` varchar(50) DEFAULT NULL,
  `size` varchar(30) DEFAULT NULL,
  `price` int(11) DEFAULT NULL,
  `username` varchar(30) DEFAULT NULL,
  `image` varchar(30) DEFAULT NULL,
  `returnid` int(11) DEFAULT NULL,
  `status` varchar(30) DEFAULT NULL,
  `oid` int(11) DEFAULT NULL,
  `quantity` varchar(11) DEFAULT NULL,
  `DOO` varchar(100) DEFAULT NULL,
  `DOR` varchar(100) DEFAULT NULL
) ENGINE=InnoDB DEFAULT CHARSET=latin1;
/*!40101 SET character_set_client = @saved_cs_client */;

--
-- Dumping data for table `returns`
--

LOCK TABLES `returns` WRITE;
/*!40000 ALTER TABLE `returns` DISABLE KEYS */;
INSERT INTO `returns` VALUES (7,'Narrow Pepe Jeans','34',400,'Amit Rajula','nikeshoes1.jpg',52912,'pending',23125,'1','2013/05/15 11:20','2013/5/3 11:20'),(1,'Spyakr Casual Shirt','medium',80,'Amit Rajula','nikeshoes1.jpg',80246,'pending',16358,'1','2013/05/15 11:19','2013/5/3 11:21'),(7,'Narrow Pepe Jeans','34',400,'Amit Rajula','nikeshoes1.jpg',54346,'pending',20274,'1','2013/05/16 11:36','2013/5/4 11:37'),(20,'Samsung White Galaxy Note 2 ','5',29000,'Amit Rajula','nikeshoes1.jpg',89873,'pending',85146,'1','2013/07/14 20:56','2013/7/0 20:56');
/*!40000 ALTER TABLE `returns` ENABLE KEYS */;
UNLOCK TABLES;

--
-- Table structure for table `review`
--

DROP TABLE IF EXISTS `review`;
/*!40101 SET @saved_cs_client     = @@character_set_client */;
/*!40101 SET character_set_client = utf8 */;
CREATE TABLE `review` (
  `pid` int(11) DEFAULT NULL,
  `username` varchar(100) DEFAULT NULL,
  `title` varchar(100) DEFAULT NULL,
  `desciption` mediumtext,
  `rating` varchar(50) DEFAULT NULL
) ENGINE=InnoDB DEFAULT CHARSET=latin1;
/*!40101 SET character_set_client = @saved_cs_client */;

--
-- Dumping data for table `review`
--

LOCK TABLES `review` WRITE;
/*!40000 ALTER TABLE `review` DISABLE KEYS */;
INSERT INTO `review` VALUES (14,'amit','ddd','qeccv','Pretty Good'),(10,'amit','wqas','nhtdfds','Excellent'),(7,'amit','exciting','good','Pretty Good'),(7,'amit','aaa','zzz','Excellent'),(7,'amit','aaa','zzz','Excellent'),(7,'amit','aaa','zzz','Excellent'),(7,'amit','aaa','zzz','Excellent'),(7,'amit','aaa','zzz','Excellent'),(7,'amit','aaa','zzz','Excellent'),(5,'amit','wsd','sdsa','Mediocre'),(1,'amit','','','Pretty Good'),(7,'Amit','aaa','aaa','Excellent'),(1,'Amit','aaaa','aaaa','Pretty Good'),(18,'Amit','aaa','aaa','Pretty Good'),(7,'Amit','aaa','aaa','Pretty Good'),(7,'Amit','qqq','qqqqq','Excellent'),(18,'Amit','','',''),(6003,'Amit','www','wwwwwwwwwww','Excellent');
/*!40000 ALTER TABLE `review` ENABLE KEYS */;
UNLOCK TABLES;

--
-- Table structure for table `track`
--

DROP TABLE IF EXISTS `track`;
/*!40101 SET @saved_cs_client     = @@character_set_client */;
/*!40101 SET character_set_client = utf8 */;
CREATE TABLE `track` (
  `oid` int(11) NOT NULL AUTO_INCREMENT,
  `status` varchar(100) DEFAULT NULL,
  `username` varchar(50) DEFAULT NULL,
  `DOO` varchar(100) DEFAULT NULL,
  `totalprod` varchar(100) DEFAULT NULL,
  PRIMARY KEY (`oid`)
) ENGINE=InnoDB AUTO_INCREMENT=5 DEFAULT CHARSET=latin1;
/*!40101 SET character_set_client = @saved_cs_client */;

--
-- Dumping data for table `track`
--

LOCK TABLES `track` WRITE;
/*!40000 ALTER TABLE `track` DISABLE KEYS */;
INSERT INTO `track` VALUES (1,'dkfhdsfg','','',''),(2,'WIll Be Delivered in 24 hours','Amit Rajula','2013/04/13 15:03','7,'),(3,'WIll Be Delivered in 24 hours','Amit Rajula','2013/04/16 23:01','1,'),(4,'WIll Be Delivered in 24 hours','Amit Rajula','2013/05/01 12:22','1,7,7,');
/*!40000 ALTER TABLE `track` ENABLE KEYS */;
UNLOCK TABLES;

--
-- Table structure for table `user`
--

DROP TABLE IF EXISTS `user`;
/*!40101 SET @saved_cs_client     = @@character_set_client */;
/*!40101 SET character_set_client = utf8 */;
CREATE TABLE `user` (
  `username` varchar(30) NOT NULL,
  `password` varchar(100) DEFAULT NULL,
  `contact` varchar(15) DEFAULT NULL,
  `email` varchar(40) DEFAULT NULL,
  `trolley` varchar(5000) DEFAULT NULL,
  `history` varchar(8000) DEFAULT NULL,
  `mypoints` int(11) DEFAULT NULL,
  `sesid` varchar(100) DEFAULT NULL,
  `credits` varchar(50) DEFAULT NULL,
  `gender` varchar(50) DEFAULT NULL,
  `address` varchar(500) DEFAULT NULL,
  PRIMARY KEY (`username`)
) ENGINE=InnoDB DEFAULT CHARSET=latin1;
/*!40101 SET character_set_client = @saved_cs_client */;

--
-- Dumping data for table `user`
--

LOCK TABLES `user` WRITE;
/*!40000 ALTER TABLE `user` DISABLE KEYS */;
INSERT INTO `user` VALUES ('Amit','f38b6d91f93a7103b29028bdbd7cd45b',NULL,'amit.khopade.2010@gmail.com','',NULL,500,'acjjjh0ph80b72mlr43nkc4ou0','0','male',NULL),('Amit Rajula','8259eb6b13738400c2d91852b4efbe1a','9773436955','amit.rajula@gmail.com','4003,',NULL,400,'aqob1te9nemsrg0slhc7idnbo2','0','male','a,a,a,Maharashtra,400013');
/*!40000 ALTER TABLE `user` ENABLE KEYS */;
UNLOCK TABLES;

--
-- Table structure for table `vint`
--

DROP TABLE IF EXISTS `vint`;
/*!40101 SET @saved_cs_client     = @@character_set_client */;
/*!40101 SET character_set_client = utf8 */;
CREATE TABLE `vint` (
  `uname` varchar(30) DEFAULT NULL
) ENGINE=InnoDB DEFAULT CHARSET=latin1;
/*!40101 SET character_set_client = @saved_cs_client */;

--
-- Dumping data for table `vint`
--

LOCK TABLES `vint` WRITE;
/*!40000 ALTER TABLE `vint` DISABLE KEYS */;
/*!40000 ALTER TABLE `vint` ENABLE KEYS */;
UNLOCK TABLES;
/*!40103 SET TIME_ZONE=@OLD_TIME_ZONE */;

/*!40101 SET SQL_MODE=@OLD_SQL_MODE */;
/*!40014 SET FOREIGN_KEY_CHECKS=@OLD_FOREIGN_KEY_CHECKS */;
/*!40014 SET UNIQUE_CHECKS=@OLD_UNIQUE_CHECKS */;
/*!40101 SET CHARACTER_SET_CLIENT=@OLD_CHARACTER_SET_CLIENT */;
/*!40101 SET CHARACTER_SET_RESULTS=@OLD_CHARACTER_SET_RESULTS */;
/*!40101 SET COLLATION_CONNECTION=@OLD_COLLATION_CONNECTION */;
/*!40111 SET SQL_NOTES=@OLD_SQL_NOTES */;

-- Dump completed on 2013-08-06 12:04:43
